VOW.DE;20130102;99.30138397216797
VOW.DE;20130103;98.65409088134766
VOW.DE;20130104;98.595245361328125
VOW.DE;20130107;96.50624084472656
VOW.DE;20130108;95.09394836425781
VOW.DE;20130109;93.681671142578125
VOW.DE;20130110;94.5937728881836
VOW.DE;20130111;96.85932922363281
VOW.DE;20130114;97.1535415649414
VOW.DE;20130115;96.68278503417969
VOW.DE;20130116;97.83026885986328
VOW.DE;20130117;97.2418212890625
VOW.DE;20130118;97.97735595703125
VOW.DE;20130121;98.80120849609375
VOW.DE;20130122;99.095428466796875
VOW.DE;20130123;100.24293518066406
VOW.DE;20130124;100.03697204589844
VOW.DE;20130125;101.65520477294922
VOW.DE;20130128;102.3613510131836
VOW.DE;20130129;101.62579345703125
VOW.DE;20130130;101.5080795288086
VOW.DE;20130131;100.06637573242188
VOW.DE;20130201;102.39078521728516
VOW.DE;20130204;99.12486267089844
VOW.DE;20130205;97.83026885986328
VOW.DE;20130206;97.5066146850586
VOW.DE;20130207;97.41835021972656
VOW.DE;20130208;99.56620788574219
VOW.DE;20130211;98.74236297607422
VOW.DE;20130212;99.477935791015625
VOW.DE;20130213;100.12521362304688
VOW.DE;20130214;98.595245361328125
VOW.DE;20130215;98.4775619506836
VOW.DE;20130218;98.35987854003906
VOW.DE;20130219;99.97809600830078
VOW.DE;20130220;100.3606185913086
VOW.DE;20130221;98.30103302001953
VOW.DE;20130222;92.2693862915039
VOW.DE;20130225;90.3863296508789
VOW.DE;20130226;90.00384521484375
VOW.DE;20130227;92.2399673461914
VOW.DE;20130228;92.88726806640625
VOW.DE;20130301;91.00421142578125
VOW.DE;20130304;89.91557312011719
VOW.DE;20130305;92.35765838623047
VOW.DE;20130306;93.2697525024414
VOW.DE;20130307;94.35839080810547
VOW.DE;20130308;94.152435302734375
VOW.DE;20130311;93.91705322265625
VOW.DE;20130312;92.6224594116211
VOW.DE;20130313;93.88761901855469
VOW.DE;20130314;91.7397689819336
VOW.DE;20130315;89.18000793457031
VOW.DE;20130318;89.327117919921875
VOW.DE;20130319;88.59156036376953
VOW.DE;20130320;87.67945861816406
VOW.DE;20130321;86.94388580322266
VOW.DE;20130322;87.62060546875
VOW.DE;20130325;87.00273132324219
VOW.DE;20130326;87.14984893798828
VOW.DE;20130327;87.03216552734375
VOW.DE;20130328;86.35543060302734
VOW.DE;20130402;87.17925262451172
VOW.DE;20130403;87.5911865234375
VOW.DE;20130404;86.70851135253906
VOW.DE;20130405;85.61985778808594
VOW.DE;20130408;86.59081268310547
VOW.DE;20130409;84.6195068359375
VOW.DE;20130410;84.67833709716797
VOW.DE;20130411;85.6492919921875
VOW.DE;20130412;82.61875915527344
VOW.DE;20130415;81.47126770019531
VOW.DE;20130416;82.059722900390625
VOW.DE;20130417;79.41168212890625
VOW.DE;20130418;78.02881622314453
VOW.DE;20130419;80.17668151855469
VOW.DE;20130422;80.70628356933594
VOW.DE;20130423;82.97183990478516
VOW.DE;20130424;85.443328857421875
VOW.DE;20130425;86.50255584716797
VOW.DE;20130426;85.71888732910156
VOW.DE;20130429;87.94928741455078
VOW.DE;20130430;88.97406005859375
VOW.DE;20130502;88.09998321533203
VOW.DE;20130503;91.1742935180664
VOW.DE;20130506;90.7523193359375
VOW.DE;20130507;90.05909729003906
VOW.DE;20130508;90.8427505493164
VOW.DE;20130509;91.41541290283203
VOW.DE;20130510;90.66190338134766
VOW.DE;20130513;90.63175964355469
VOW.DE;20130514;92.19904327392578
VOW.DE;20130515;93.37451934814453
VOW.DE;20130516;93.706085205078125
VOW.DE;20130517;96.72010040283203
VOW.DE;20130520;101.30142974853516
VOW.DE;20130521;99.88483428955078
VOW.DE;20130522;101.57269287109375
VOW.DE;20130523;98.70933532714844
VOW.DE;20130524;98.86003875732422
VOW.DE;20130527;98.52851867675781
VOW.DE;20130528;98.31752014160156
VOW.DE;20130529;97.7750244140625
VOW.DE;20130530;99.10118865966797
VOW.DE;20130531;99.493011474609375
VOW.DE;20130603;98.07640838623047
VOW.DE;20130604;97.322906494140625
VOW.DE;20130605;96.99134826660156
VOW.DE;20130606;95.54463195800781
VOW.DE;20130607;97.74485778808594
VOW.DE;20130610;98.86003875732422
VOW.DE;20130611;96.1474380493164
VOW.DE;20130612;93.193695068359375
VOW.DE;20130613;92.37989807128906
VOW.DE;20130614;93.464935302734375
VOW.DE;20130617;94.48970794677734
VOW.DE;20130618;94.06775665283203
VOW.DE;20130619;92.59088134765625
VOW.DE;20130620;88.97406005859375
VOW.DE;20130621;87.46704864501953
VOW.DE;20130624;85.68875885009766
VOW.DE;20130625;89.1850357055664
VOW.DE;20130626;89.576873779296875
VOW.DE;20130627;90.48106384277344
VOW.DE;20130628;90.27008819580078
VOW.DE;20130701;91.38526916503906
VOW.DE;20130702;90.8427505493164
VOW.DE;20130703;89.48643493652344
VOW.DE;20130704;93.04300689697266
VOW.DE;20130705;91.1441421508789
VOW.DE;20130708;92.681304931640625
VOW.DE;20130709;94.369171142578125
VOW.DE;20130710;94.188323974609375
VOW.DE;20130711;95.54463195800781
VOW.DE;20130712;96.93107604980469
VOW.DE;20130715;97.26262664794922
VOW.DE;20130716;96.87079620361328
VOW.DE;20130717;98.40796661376953
VOW.DE;20130718;99.613555908203125
VOW.DE;20130719;98.9806137084961
VOW.DE;20130722;97.92571258544922
VOW.DE;20130723;98.55865478515625
VOW.DE;20130724;99.88483428955078
VOW.DE;20130725;100.60820007324219
VOW.DE;20130726;99.6436996459961
VOW.DE;20130729;100.69863891601562
VOW.DE;20130730;101.87409210205078
VOW.DE;20130731;103.17010498046875
VOW.DE;20130801;106.0033187866211
VOW.DE;20130802;105.12921905517578
VOW.DE;20130805;106.3348388671875
VOW.DE;20130806;105.61148071289062
VOW.DE;20130807;104.19490051269531
VOW.DE;20130808;104.43600463867188
VOW.DE;20130809;105.82243347167969
VOW.DE;20130812;107.84185028076172
VOW.DE;20130813;108.41452026367188
VOW.DE;20130814;109.43930053710938
VOW.DE;20130815;108.65562438964844
VOW.DE;20130816;107.2691879272461
VOW.DE;20130819;107.14862823486328
VOW.DE;20130820;105.58133697509766
VOW.DE;20130821;105.79231262207031
VOW.DE;20130822;107.57060241699219
VOW.DE;20130823;106.7266616821289
VOW.DE;20130826;107.48017120361328
VOW.DE;20130827;103.92359924316406
VOW.DE;20130828;101.03016662597656
VOW.DE;20130829;102.89884948730469
VOW.DE;20130830;101.391845703125
VOW.DE;20130902;103.86334228515625
VOW.DE;20130903;100.7589111328125
VOW.DE;20130904;99.46287536621094
VOW.DE;20130905;100.7589111328125
VOW.DE;20130906;100.6684799194336
VOW.DE;20130909;100.065673828125
VOW.DE;20130910;104.85796356201172
VOW.DE;20130911;105.18952941894531
VOW.DE;20130912;104.94837188720703
VOW.DE;20130913;106.12387084960938
VOW.DE;20130916;106.57596588134766
VOW.DE;20130917;104.52642059326172
VOW.DE;20130918;104.85796356201172
VOW.DE;20130919;103.29069519042969
VOW.DE;20130920;101.391845703125
VOW.DE;20130923;100.81917572021484
VOW.DE;20130924;102.44673919677734
VOW.DE;20130925;103.44136810302734
VOW.DE;20130926;102.8084487915039
VOW.DE;20130927;102.35631561279297
VOW.DE;20130930;101.06028747558594
VOW.DE;20131001;102.11519622802734
VOW.DE;20131002;100.63833618164062
VOW.DE;20131004;98.799774169921875
VOW.DE;20131007;99.52313995361328
VOW.DE;20131008;98.22711944580078
VOW.DE;20131009;98.52851867675781
VOW.DE;20131010;101.06028747558594
VOW.DE;20131011;101.48226928710938
VOW.DE;20131014;101.84394836425781
VOW.DE;20131015;101.93437194824219
VOW.DE;20131016;103.44136810302734
VOW.DE;20131017;104.16474151611328
VOW.DE;20131018;103.20025634765625
VOW.DE;20131021;103.50165557861328
VOW.DE;20131022;104.13459014892578
VOW.DE;20131023;103.0194091796875
VOW.DE;20131024;103.7729263305664
VOW.DE;20131025;102.71800231933594
VOW.DE;20131028;101.69322967529297
VOW.DE;20131029;101.15071868896484
VOW.DE;20131030;106.78694915771484
VOW.DE;20131031;108.80633544921875
VOW.DE;20131101;109.16803741455078
VOW.DE;20131104;110.55448150634766
VOW.DE;20131105;109.6502685546875
VOW.DE;20131106;110.25308227539062
VOW.DE;20131107;111.18741607666016
VOW.DE;20131108;110.91616821289062
VOW.DE;20131111;110.34349822998047
VOW.DE;20131112;109.74068450927734
VOW.DE;20131113;109.86123657226562
VOW.DE;20131114;110.8860092163086
VOW.DE;20131115;112.00121307373047
VOW.DE;20131118;112.90541076660156
VOW.DE;20131119;112.93557739257812
VOW.DE;20131120;112.9656982421875
VOW.DE;20131121;113.20683288574219
VOW.DE;20131122;113.41780853271484
VOW.DE;20131125;113.41780853271484
VOW.DE;20131126;113.17668914794922
VOW.DE;20131127;114.53301239013672
VOW.DE;20131128;114.20145416259766
VOW.DE;20131129;115.52761840820312
VOW.DE;20131202;115.52761840820312
VOW.DE;20131203;112.60401153564453
VOW.DE;20131204;112.9656982421875
VOW.DE;20131205;111.18741607666016
VOW.DE;20131206;112.24234008789062
VOW.DE;20131209;112.63414764404297
VOW.DE;20131210;111.85051727294922
VOW.DE;20131211;111.36827087402344
VOW.DE;20131212;110.04210662841797
VOW.DE;20131213;109.86123657226562
VOW.DE;20131216;111.9409408569336
VOW.DE;20131217;111.97107696533203
VOW.DE;20131218;113.26709747314453
VOW.DE;20131219;114.53301239013672
VOW.DE;20131220;114.86453247070312
VOW.DE;20131223;115.5577621459961
VOW.DE;20131227;118.14984893798828
VOW.DE;20131230;118.69234466552734
VOW.DE;20140102;116.79353332519531
VOW.DE;20140103;116.22084045410156
VOW.DE;20140106;115.85914611816406
VOW.DE;20140107;116.67293548583984
VOW.DE;20140108;116.46197509765625
VOW.DE;20140109;116.3414077758789
VOW.DE;20140110;117.48673248291016
VOW.DE;20140113;118.6320571899414
VOW.DE;20140114;114.68368530273438
VOW.DE;20140115;117.72786712646484
VOW.DE;20140116;118.57179260253906
VOW.DE;20140117;118.963623046875
VOW.DE;20140120;118.42109680175781
VOW.DE;20140121;118.60193634033203
VOW.DE;20140122;118.05940246582031
VOW.DE;20140123;115.58792114257812
VOW.DE;20140124;111.51896667480469
VOW.DE;20140127;110.94630432128906
VOW.DE;20140128;112.9656982421875
VOW.DE;20140129;110.55448150634766
VOW.DE;20140130;109.9818115234375
VOW.DE;20140131;108.71593475341797
VOW.DE;20140203;107.17877197265625
VOW.DE;20140204;105.79231262207031
VOW.DE;20140205;107.35960388183594
VOW.DE;20140206;109.10774993896484
VOW.DE;20140207;110.01195526123047
VOW.DE;20140210;110.675048828125
VOW.DE;20140211;113.29724884033203
VOW.DE;20140212;115.25634002685547
VOW.DE;20140213;116.22084045410156
VOW.DE;20140214;118.02926635742188
VOW.DE;20140217;117.78813171386719
VOW.DE;20140218;117.72786712646484
VOW.DE;20140219;117.27574920654297
VOW.DE;20140220;116.43181610107422
VOW.DE;20140221;116.9442138671875
VOW.DE;20140224;111.42854309082031
VOW.DE;20140225;112.75473022460938
VOW.DE;20140226;111.79022979736328
VOW.DE;20140227;111.21756744384766
VOW.DE;20140228;111.57923126220703
VOW.DE;20140303;108.29396057128906
VOW.DE;20140304;110.25308227539062
VOW.DE;20140305;109.74068450927734
VOW.DE;20140306;109.7105484008789
VOW.DE;20140307;108.32410430908203
VOW.DE;20140310;105.34022521972656
VOW.DE;20140311;107.08834838867188
VOW.DE;20140312;106.3951187133789
VOW.DE;20140313;105.37036895751953
VOW.DE;20140314;105.038818359375
VOW.DE;20140317;105.79231262207031
VOW.DE;20140318;105.79231262207031
VOW.DE;20140319;107.29934692382812
VOW.DE;20140320;106.81709289550781
VOW.DE;20140321;105.12921905517578
VOW.DE;20140324;103.74280548095703
VOW.DE;20140325;106.18414306640625
VOW.DE;20140326;107.4500503540039
VOW.DE;20140327;108.20352172851562
VOW.DE;20140328;111.18741607666016
VOW.DE;20140331;110.91616821289062
VOW.DE;20140401;111.82035064697266
VOW.DE;20140402;111.9409408569336
VOW.DE;20140403;111.57923126220703
VOW.DE;20140404;112.93557739257812
VOW.DE;20140407;111.57923126220703
VOW.DE;20140408;111.63951110839844
VOW.DE;20140409;116.4017105102539
VOW.DE;20140410;116.10029602050781
VOW.DE;20140411;114.65352630615234
VOW.DE;20140414;113.50822448730469
VOW.DE;20140415;111.79022979736328
VOW.DE;20140416;115.0453872680664
VOW.DE;20140417;115.2864761352539
VOW.DE;20140422;117.63743591308594
VOW.DE;20140423;116.19071197509766
VOW.DE;20140424;116.10029602050781
VOW.DE;20140425;114.02058410644531
VOW.DE;20140428;115.52761840820312
VOW.DE;20140429;114.53301239013672
VOW.DE;20140430;116.04000091552734
VOW.DE;20140502;113.65892791748047
VOW.DE;20140505;113.6890640258789
VOW.DE;20140506;112.12178039550781
VOW.DE;20140507;111.338134765625
VOW.DE;20140508;113.9000473022461
VOW.DE;20140509;113.59864807128906
VOW.DE;20140512;114.14118194580078
VOW.DE;20140513;112.75473022460938
VOW.DE;20140514;114.17147064208984
VOW.DE;20140515;113.33989715576172
VOW.DE;20140516;114.91065979003906
VOW.DE;20140519;115.68061828613281
VOW.DE;20140520;115.98860168457031
VOW.DE;20140521;116.88178253173828
VOW.DE;20140522;116.88178253173828
VOW.DE;20140523;117.89814758300781
VOW.DE;20140526;119.6536636352539
VOW.DE;20140527;119.34568786621094
VOW.DE;20140528;119.13006591796875
VOW.DE;20140529;119.74604034423828
VOW.DE;20140530;119.03770446777344
VOW.DE;20140602;120.05403900146484
VOW.DE;20140603;119.90007781982422
VOW.DE;20140604;116.78937530517578
VOW.DE;20140605;119.09930419921875
VOW.DE;20140606;119.43807983398438
VOW.DE;20140609;119.90007781982422
VOW.DE;20140610;119.16087341308594
VOW.DE;20140611;119.16087341308594
VOW.DE;20140612;120.05403900146484
VOW.DE;20140613;118.94529724121094
VOW.DE;20140616;118.17533874511719
VOW.DE;20140617;118.94529724121094
VOW.DE;20140618;119.13006591796875
VOW.DE;20140619;120.0848617553711
VOW.DE;20140620;119.93085479736328
VOW.DE;20140623;119.06848907470703
VOW.DE;20140624;118.2677001953125
VOW.DE;20140625;117.40533447265625
VOW.DE;20140626;116.60458374023438
VOW.DE;20140627;116.63538360595703
VOW.DE;20140630;116.29660034179688
VOW.DE;20140701;117.31295776367188
VOW.DE;20140702;118.97608947753906
VOW.DE;20140703;118.51411437988281
VOW.DE;20140704;117.83656311035156
VOW.DE;20140707;115.74220275878906
VOW.DE;20140708;113.493896484375
VOW.DE;20140709;113.09351348876953
VOW.DE;20140710;113.06271362304688
VOW.DE;20140711;113.493896484375
VOW.DE;20140714;114.35624694824219
VOW.DE;20140715;114.94145202636719
VOW.DE;20140716;116.45059967041016
VOW.DE;20140717;113.37068939208984
VOW.DE;20140718;113.09351348876953
VOW.DE;20140721;111.02996826171875
VOW.DE;20140722;111.9539566040039
VOW.DE;20140723;112.13873291015625
VOW.DE;20140724;111.70756530761719
VOW.DE;20140725;110.5372085571289
VOW.DE;20140728;107.79608917236328
VOW.DE;20140729;108.6584701538086
VOW.DE;20140730;106.99531555175781
VOW.DE;20140731;106.59493255615234
VOW.DE;20140801;105.27059173583984
VOW.DE;20140804;105.88656616210938
VOW.DE;20140805;103.82303619384766
VOW.DE;20140806;102.96068572998047
VOW.DE;20140807;102.00589752197266
VOW.DE;20140808;101.2667465209961
VOW.DE;20140811;103.48426818847656
VOW.DE;20140812;102.43710327148438
VOW.DE;20140813;103.82303619384766
VOW.DE;20140814;103.3918685913086
VOW.DE;20140815;102.09830474853516
VOW.DE;20140818;103.51506805419922
VOW.DE;20140819;105.33219909667969
VOW.DE;20140820;105.0857925415039
VOW.DE;20140821;106.34854888916016
VOW.DE;20140822;105.88656616210938
VOW.DE;20140825;106.87213134765625
VOW.DE;20140826;107.42650604248047
VOW.DE;20140827;107.2109375
VOW.DE;20140828;105.54779052734375
VOW.DE;20140829;105.0241928100586
VOW.DE;20140901;104.6854019165039
VOW.DE;20140902;105.23978424072266
VOW.DE;20140903;106.62576293945312
VOW.DE;20140904;109.21284484863281
VOW.DE;20140905;110.44480895996094
VOW.DE;20140908;109.67483520507812
VOW.DE;20140909;108.56607818603516
VOW.DE;20140910;107.6421127319336
VOW.DE;20140911;107.85768127441406
VOW.DE;20140912;107.67291259765625
VOW.DE;20140915;107.24171447753906
VOW.DE;20140916;107.5188980102539
VOW.DE;20140917;106.7489242553711
VOW.DE;20140918;107.36490631103516
VOW.DE;20140919;107.27249908447266
VOW.DE;20140922;106.41014099121094
VOW.DE;20140923;104.19261932373047
VOW.DE;20140924;104.34661865234375
VOW.DE;20140925;101.85191345214844
VOW.DE;20140926;102.19068908691406
VOW.DE;20140929;101.17435455322266
VOW.DE;20140930;101.20513916015625
VOW.DE;20141001;98.2176513671875
VOW.DE;20141002;96.523712158203125
VOW.DE;20141006;96.2773208618164
VOW.DE;20141007;96.33890533447266
VOW.DE;20141008;95.26094055175781
VOW.DE;20141009;95.78453063964844
VOW.DE;20141010;92.82784271240234
VOW.DE;20141013;94.30619812011719
VOW.DE;20141014;95.66133880615234
VOW.DE;20141015;92.88944244384766
VOW.DE;20141016;94.89136505126953
VOW.DE;20141017;99.757568359375
VOW.DE;20141020;96.80088806152344
VOW.DE;20141021;98.71043395996094
VOW.DE;20141022;99.7267837524414
VOW.DE;20141023;100.68156433105469
VOW.DE;20141024;99.5727767944336
VOW.DE;20141027;98.49481964111328
VOW.DE;20141028;99.69599151611328
VOW.DE;20141029;100.09638214111328
VOW.DE;20141030;102.09830474853516
VOW.DE;20141031;104.53140258789062
VOW.DE;20141103;105.05501556396484
VOW.DE;20141104;103.88463592529297
VOW.DE;20141105;106.31776428222656
VOW.DE;20141106;106.81053161621094
VOW.DE;20141107;105.05501556396484
VOW.DE;20141110;106.10215759277344
VOW.DE;20141111;105.11660766601562
VOW.DE;20141112;103.54584503173828
VOW.DE;20141113;103.23786926269531
VOW.DE;20141114;103.69984436035156
VOW.DE;20141117;104.22344207763672
VOW.DE;20141118;106.87213134765625
VOW.DE;20141119;106.65653991699219
VOW.DE;20141120;106.9337387084961
VOW.DE;20141121;108.41205596923828
VOW.DE;20141124;110.1676254272461
VOW.DE;20141125;111.3379898071289
VOW.DE;20141126;110.99919128417969
VOW.DE;20141127;111.79994201660156
VOW.DE;20141128;112.04634094238281
VOW.DE;20141201;112.2927474975586
VOW.DE;20141202;111.70756530761719
VOW.DE;20141203;111.64592742919922
VOW.DE;20141204;110.5372085571289
VOW.DE;20141205;114.26386260986328
VOW.DE;20141208;113.06271362304688
VOW.DE;20141209;111.52276611328125
VOW.DE;20141210;110.5372085571289
VOW.DE;20141211;112.35433959960938
VOW.DE;20141212;109.76721954345703
VOW.DE;20141215;105.4245834350586
VOW.DE;20141216;109.12045288085938
VOW.DE;20141217;109.05885314941406
VOW.DE;20141218;112.1079330444336
VOW.DE;20141219;112.44674682617188
VOW.DE;20141222;111.52276611328125
VOW.DE;20141223;112.16954040527344
VOW.DE;20141229;112.07715606689453
VOW.DE;20141230;110.93759155273438
VOW.DE;20150102;109.61323547363281
VOW.DE;20150105;106.28695678710938
VOW.DE;20150106;107.1493148803711
VOW.DE;20150107;107.67291259765625
VOW.DE;20150108;111.83075714111328
VOW.DE;20150109;109.30523681640625
VOW.DE;20150112;109.7364273071289
VOW.DE;20150113;112.50833892822266
VOW.DE;20150114;110.90678405761719
VOW.DE;20150115;112.8163070678711
VOW.DE;20150116;115.55741882324219
VOW.DE;20150119;115.40342712402344
VOW.DE;20150120;116.48139190673828
VOW.DE;20150121;117.0049819946289
VOW.DE;20150122;119.80765533447266
VOW.DE;20150123;123.0107421875
VOW.DE;20150126;123.9963150024414
VOW.DE;20150127;122.67195129394531
VOW.DE;20150128;124.3351058959961
VOW.DE;20150129;124.58148956298828
VOW.DE;20150130;121.44001007080078
VOW.DE;20150202;124.55068969726562
VOW.DE;20150203;127.29178619384766
VOW.DE;20150204;128.30813598632812
VOW.DE;20150205;129.1705322265625
VOW.DE;20150206;130.40248107910156
VOW.DE;20150209;126.1214370727539
VOW.DE;20150210;127.7537841796875
VOW.DE;20150211;128.0001678466797
VOW.DE;20150212;130.5872802734375
VOW.DE;20150213;129.1705322265625
VOW.DE;20150216;128.92413330078125
VOW.DE;20150217;128.80091857910156
VOW.DE;20150218;131.23406982421875
VOW.DE;20150219;134.09835815429688
VOW.DE;20150220;134.7759246826172
VOW.DE;20150223;136.83944702148438
VOW.DE;20150224;135.761474609375
VOW.DE;20150225;134.4063262939453
VOW.DE;20150226;134.929931640625
VOW.DE;20150227;136.34664916992188
VOW.DE;20150302;138.50257873535156
VOW.DE;20150303;135.1763153076172
VOW.DE;20150304;135.82308959960938
VOW.DE;20150305;137.48623657226562
VOW.DE;20150306;139.8269500732422
VOW.DE;20150309;140.19650268554688
VOW.DE;20150310;140.01174926757812
VOW.DE;20150311;146.263916015625
VOW.DE;20150312;145.21673583984375
VOW.DE;20150313;148.2658233642578
VOW.DE;20150316;152.4852752685547
VOW.DE;20150317;152.45448303222656
VOW.DE;20150318;147.31105041503906
VOW.DE;20150319;147.80386352539062
VOW.DE;20150320;149.25140380859375
VOW.DE;20150323;144.13876342773438
VOW.DE;20150324;145.98670959472656
VOW.DE;20150325;144.81634521484375
VOW.DE;20150326;144.9087677001953
VOW.DE;20150327;145.3091278076172
VOW.DE;20150330;148.88180541992188
VOW.DE;20150331;147.86544799804688
VOW.DE;20150401;147.18785095214844
VOW.DE;20150402;146.47950744628906
VOW.DE;20150407;146.60269165039062
VOW.DE;20150408;146.8182830810547
VOW.DE;20150409;149.06658935546875
VOW.DE;20150410;150.7913360595703
VOW.DE;20150413;147.9270477294922
VOW.DE;20150414;147.4342803955078
VOW.DE;20150415;145.7095184326172
VOW.DE;20150416;143.3688201904297
VOW.DE;20150417;140.8125
VOW.DE;20150420;139.98094177246094
VOW.DE;20150421;139.02613830566406
VOW.DE;20150422;139.11856079101562
VOW.DE;20150423;139.27255249023438
VOW.DE;20150424;142.4140625
VOW.DE;20150427;148.7586212158203
VOW.DE;20150428;145.64793395996094
VOW.DE;20150429;140.38133239746094
VOW.DE;20150430;140.01174926757812
VOW.DE;20150504;140.10414123535156
VOW.DE;20150505;138.6565704345703
VOW.DE;20150506;136.9571990966797
VOW.DE;20150507;138.84539794921875
VOW.DE;20150508;141.8350372314453
VOW.DE;20150511;141.8350372314453
VOW.DE;20150512;137.4292755126953
VOW.DE;20150513;137.30335998535156
VOW.DE;20150514;139.06570434570312
VOW.DE;20150515;135.5095977783203
VOW.DE;20150518;140.38743591308594
VOW.DE;20150519;146.49261474609375
VOW.DE;20150520;145.9261474609375
VOW.DE;20150521;144.50997924804688
VOW.DE;20150522;144.47853088378906
VOW.DE;20150526;142.40150451660156
VOW.DE;20150527;143.534423828125
VOW.DE;20150528;140.95387268066406
VOW.DE;20150529;138.15306091308594
VOW.DE;20150601;138.1845245361328
VOW.DE;20150602;135.54107666015625
VOW.DE;20150603;136.1074981689453
VOW.DE;20150604;135.63546752929688
VOW.DE;20150605;134.2508087158203
VOW.DE;20150608;132.04791259765625
VOW.DE;20150609;131.26113891601562
VOW.DE;20150610;135.2263641357422
VOW.DE;20150611;135.5095977783203
VOW.DE;20150612;133.55844116210938
VOW.DE;20150615;130.69468688964844
VOW.DE;20150616;131.00936889648438
VOW.DE;20150617;129.7820587158203
VOW.DE;20150618;129.4988250732422
VOW.DE;20150619;129.87648010253906
VOW.DE;20150622;135.60398864746094
VOW.DE;20150623;137.4292755126953
VOW.DE;20150624;135.79281616210938
VOW.DE;20150625;135.918701171875
VOW.DE;20150626;136.79986572265625
VOW.DE;20150629;131.79612731933594
VOW.DE;20150630;130.63172912597656
VOW.DE;20150701;135.10047912597656
VOW.DE;20150702;133.08639526367188
VOW.DE;20150703;132.67730712890625
VOW.DE;20150706;131.0723114013672
VOW.DE;20150707;127.73650360107422
VOW.DE;20150708;124.30628967285156
VOW.DE;20150709;128.0511932373047
VOW.DE;20150710;128.0197296142578
VOW.DE;20150713;129.4988250732422
VOW.DE;20150714;126.82386016845703
VOW.DE;20150715;125.34477996826172
VOW.DE;20150716;127.86238861083984
VOW.DE;20150717;127.57916259765625
VOW.DE;20150720;126.5091781616211
VOW.DE;20150721;125.18743133544922
VOW.DE;20150722;123.42510986328125
VOW.DE;20150723;124.9356918334961
VOW.DE;20150724;119.30257415771484
VOW.DE;20150727;116.72203826904297
VOW.DE;20150728;119.96343994140625
VOW.DE;20150729;117.00526428222656
VOW.DE;20150730;116.78497314453125
VOW.DE;20150731;115.84088134765625
VOW.DE;20150803;116.91085052490234
VOW.DE;20150804;117.06819915771484
VOW.DE;20150805;121.09635925292969
VOW.DE;20150806;119.5857925415039
VOW.DE;20150807;120.56137084960938
VOW.DE;20150810;122.19778442382812
VOW.DE;20150811;117.19408416748047
VOW.DE;20150812;111.87566375732422
VOW.DE;20150813;113.57502746582031
VOW.DE;20150814;113.29181671142578
VOW.DE;20150817;112.06446075439453
VOW.DE;20150818;110.27071380615234
VOW.DE;20150819;107.6272201538086
VOW.DE;20150820;105.7705078125
VOW.DE;20150821;103.85081481933594
VOW.DE;20150824;99.79121398925781
VOW.DE;20150825;105.6131362915039
VOW.DE;20150826;104.44874572753906
VOW.DE;20150827;107.72162628173828
VOW.DE;20150828;107.3125228881836
VOW.DE;20150831;104.9207992553711
VOW.DE;20150901;101.93114471435547
VOW.DE;20150902;100.38912963867188
VOW.DE;20150903;103.47319030761719
VOW.DE;20150904;100.67235565185547
VOW.DE;20150907;101.4276351928711
VOW.DE;20150908;104.10258483886719
VOW.DE;20150909;106.74605560302734
VOW.DE;20150910;105.04666900634766
VOW.DE;20150911;104.63755798339844
VOW.DE;20150914;104.16551971435547
VOW.DE;20150915;105.01520538330078
VOW.DE;20150916;105.42431640625
VOW.DE;20150917;105.36136627197266
VOW.DE;20150918;101.55350494384766
VOW.DE;20150921;84.150634765625
VOW.DE;20150922;69.98917388916016
VOW.DE;20150923;74.83552551269531
VOW.DE;20150924;74.83552551269531
VOW.DE;20150925;72.72705078125
VOW.DE;20150928;67.40862274169922
VOW.DE;20150929;65.01689910888672
VOW.DE;20150930;66.05540466308594
VOW.DE;20151001;66.11835479736328
VOW.DE;20151002;63.66371154785156
VOW.DE;20151005;64.70220947265625
VOW.DE;20151006;67.282745361328125
VOW.DE;20151007;72.31793212890625
VOW.DE;20151008;73.13615417480469
VOW.DE;20151009;79.24132537841797
VOW.DE;20151012;83.36389923095703
VOW.DE;20151013;82.199493408203125
VOW.DE;20151014;80.94071197509766
VOW.DE;20151015;77.919586181640625
VOW.DE;20151016;76.28314971923828
VOW.DE;20151019;74.64672088623047
VOW.DE;20151020;73.1676254272461
VOW.DE;20151021;75.49639129638672
VOW.DE;20151022;77.9825210571289
VOW.DE;20151023;76.6922607421875
VOW.DE;20151026;78.67486572265625
VOW.DE;20151027;76.66078186035156
VOW.DE;20151028;78.076934814453125
VOW.DE;20151029;78.9266357421875
VOW.DE;20151030;79.36719512939453
VOW.DE;20151102;79.77632141113281
VOW.DE;20151103;78.10840606689453
VOW.DE;20151104;73.73407745361328
VOW.DE;20151105;75.59081268310547
VOW.DE;20151106;76.723724365234375
VOW.DE;20151109;75.59081268310547
VOW.DE;20151110;75.37052917480469
VOW.DE;20151111;74.36347961425781
VOW.DE;20151112;73.76555633544922
VOW.DE;20151113;74.55229949951172
VOW.DE;20151116;73.5137939453125
VOW.DE;20151117;73.6396713256836
VOW.DE;20151118;75.52787780761719
VOW.DE;20151119;78.86369323730469
VOW.DE;20151120;77.9825210571289
VOW.DE;20151123;78.45458221435547
VOW.DE;20151124;80.028076171875
VOW.DE;20151125;82.1050796508789
VOW.DE;20151126;84.68563079833984
VOW.DE;20151127;84.4968032836914
VOW.DE;20151130;88.93407440185547
VOW.DE;20151201;87.89554595947266
VOW.DE;20151202;86.76264953613281
VOW.DE;20151203;86.07030487060547
VOW.DE;20151204;86.416473388671875
VOW.DE;20151207;85.62972259521484
VOW.DE;20151208;83.395355224609375
VOW.DE;20151209;88.36759948730469
VOW.DE;20151210;87.86408996582031
VOW.DE;20151211;86.60529327392578
VOW.DE;20151214;82.89183807373047
VOW.DE;20151215;84.52827453613281
VOW.DE;20151216;84.905914306640625
VOW.DE;20151217;87.58084869384766
VOW.DE;20151218;88.241729736328125
VOW.DE;20151221;87.51792907714844
VOW.DE;20151222;88.74524688720703
VOW.DE;20151223;90.12992858886719
VOW.DE;20151225;90.12992858886719
VOW.DE;20151228;89.75228118896484
VOW.DE;20151229;90.60198211669922
VOW.DE;20151230;89.56346893310547
PAH3.DE;20130102;42.773048400878906
PAH3.DE;20130103;42.490631103515625
PAH3.DE;20130104;42.288902282714844
PAH3.DE;20130107;41.28026580810547
PAH3.DE;20130108;40.92388153076172
PAH3.DE;20130109;41.01802062988281
PAH3.DE;20130110;41.818199157714844
PAH3.DE;20130111;43.62031173706055
PAH3.DE;20130114;43.60014343261719
PAH3.DE;20130115;43.317710876464844
PAH3.DE;20130116;42.947879791259766
PAH3.DE;20130117;43.03529739379883
PAH3.DE;20130118;42.584774017333984
PAH3.DE;20130121;43.30427169799805
PAH3.DE;20130122;43.0151252746582
PAH3.DE;20130123;43.479103088378906
PAH3.DE;20130124;43.79513931274414
PAH3.DE;20130125;44.15824890136719
PAH3.DE;20130128;44.783607482910156
PAH3.DE;20130129;44.77687454223633
PAH3.DE;20130130;43.573246002197266
PAH3.DE;20130131;43.1025390625
PAH3.DE;20130201;44.380149841308594
PAH3.DE;20130204;42.6990852355957
PAH3.DE;20130205;42.773048400878906
PAH3.DE;20130206;42.66546630859375
PAH3.DE;20130207;43.30427169799805
PAH3.DE;20130208;44.26584243774414
PAH3.DE;20130211;43.68082046508789
PAH3.DE;20130212;43.82876205444336
PAH3.DE;20130213;44.07083511352539
PAH3.DE;20130214;43.62031173706055
PAH3.DE;20130215;43.237030029296875
PAH3.DE;20130218;43.16978454589844
PAH3.DE;20130219;43.80186080932617
PAH3.DE;20130220;43.83548355102539
PAH3.DE;20130221;43.20340347290039
PAH3.DE;20130222;41.01802062988281
PAH3.DE;20130225;41.542503356933594
PAH3.DE;20130226;40.70197296142578
PAH3.DE;20130227;41.00456619262695
PAH3.DE;20130228;40.836463928222656
PAH3.DE;20130301;40.35231399536133
PAH3.DE;20130304;39.626094818115234
PAH3.DE;20130305;41.15250778198242
PAH3.DE;20130306;41.62320327758789
PAH3.DE;20130307;42.93443298339844
PAH3.DE;20130308;42.786502838134766
PAH3.DE;20130311;42.83356857299805
PAH3.DE;20130312;42.228389739990234
PAH3.DE;20130313;42.48390579223633
PAH3.DE;20130314;42.02665710449219
PAH3.DE;20130315;41.246639251708984
PAH3.DE;20130318;41.29371643066406
PAH3.DE;20130319;40.13713455200195
PAH3.DE;20130320;40.47335433959961
PAH3.DE;20130321;39.236083984375
PAH3.DE;20130322;39.491607666015625
PAH3.DE;20130325;39.47815704345703
PAH3.DE;20130326;39.2428092956543
PAH3.DE;20130327;38.55021667480469
PAH3.DE;20130328;38.341766357421875
PAH3.DE;20130402;39.236083984375
PAH3.DE;20130403;38.9940185546875
PAH3.DE;20130404;38.328311920166016
PAH3.DE;20130405;38.07278823852539
PAH3.DE;20130408;38.8460807800293
PAH3.DE;20130409;38.025718688964844
PAH3.DE;20130410;39.04108428955078
PAH3.DE;20130411;39.276432037353516
PAH3.DE;20130412;38.025718688964844
PAH3.DE;20130415;37.60881805419922
PAH3.DE;20130416;38.42918014526367
PAH3.DE;20130417;36.4656867980957
PAH3.DE;20130418;35.65205001831055
PAH3.DE;20130419;36.05550765991211
PAH3.DE;20130422;35.88740158081055
PAH3.DE;20130423;37.40708923339844
PAH3.DE;20130424;38.657798767089844
PAH3.DE;20130425;38.92676544189453
PAH3.DE;20130426;38.933494567871094
PAH3.DE;20130429;39.82782745361328
PAH3.DE;20130430;40.002655029296875
PAH3.DE;20130502;40.24623489379883
PAH3.DE;20130503;41.84689712524414
PAH3.DE;20130506;41.59635925292969
PAH3.DE;20130507;41.519805908203125
PAH3.DE;20130508;41.993045806884766
PAH3.DE;20130509;42.647220611572266
PAH3.DE;20130510;42.44540786743164
PAH3.DE;20130513;41.95128631591797
PAH3.DE;20130514;43.14830780029297
PAH3.DE;20130515;43.27357864379883
PAH3.DE;20130516;43.39188766479492
PAH3.DE;20130517;43.92079544067383
PAH3.DE;20130520;45.36835479736328
PAH3.DE;20130521;45.28483963012695
PAH3.DE;20130522;45.166534423828125
PAH3.DE;20130523;43.58675003051758
PAH3.DE;20130524;43.712013244628906
PAH3.DE;20130527;43.64938735961914
PAH3.DE;20130528;44.01127243041992
PAH3.DE;20130529;43.64242172241211
PAH3.DE;20130530;44.18525695800781
PAH3.DE;20130531;44.79768753051758
PAH3.DE;20130603;44.33835983276367
PAH3.DE;20130604;44.4845085144043
PAH3.DE;20130605;44.33835983276367
PAH3.DE;20130606;43.482357025146484
PAH3.DE;20130607;43.94863510131836
PAH3.DE;20130610;43.84424591064453
PAH3.DE;20130611;43.085670471191406
PAH3.DE;20130612;42.22269821166992
PAH3.DE;20130613;41.90256881713867
PAH3.DE;20130614;42.15311050415039
PAH3.DE;20130617;42.57067108154297
PAH3.DE;20130618;42.63330841064453
PAH3.DE;20130619;42.173988342285156
PAH3.DE;20130620;40.7125129699707
PAH3.DE;20130621;39.125770568847656
PAH3.DE;20130624;38.833473205566406
PAH3.DE;20130625;40.287986755371094
PAH3.DE;20130626;40.55244445800781
PAH3.DE;20130627;41.09528732299805
PAH3.DE;20130628;41.394535064697266
PAH3.DE;20130701;41.839935302734375
PAH3.DE;20130702;41.75642776489258
PAH3.DE;20130703;40.76122283935547
PAH3.DE;20130704;41.993045806884766
PAH3.DE;20130705;40.448055267333984
PAH3.DE;20130708;40.64292526245117
PAH3.DE;20130709;41.16487121582031
PAH3.DE;20130710;40.97697067260742
PAH3.DE;20130711;41.464134216308594
PAH3.DE;20130712;42.07655715942383
PAH3.DE;20130715;42.33405685424805
PAH3.DE;20130716;42.29925537109375
PAH3.DE;20130717;42.737701416015625
PAH3.DE;20130718;43.64242172241211
PAH3.DE;20130719;43.600669860839844
PAH3.DE;20130722;43.029998779296875
PAH3.DE;20130723;43.329246520996094
PAH3.DE;20130724;44.03215026855469
PAH3.DE;20130725;44.220054626464844
PAH3.DE;20130726;43.8372802734375
PAH3.DE;20130729;44.220054626464844
PAH3.DE;20130730;44.4149169921875
PAH3.DE;20130731;44.56802749633789
PAH3.DE;20130801;45.41011428833008
PAH3.DE;20130802;45.78591537475586
PAH3.DE;20130805;46.16868209838867
PAH3.DE;20130806;46.14085388183594
PAH3.DE;20130807;45.84159469604492
PAH3.DE;20130808;46.593204498291016
PAH3.DE;20130809;47.11516571044922
PAH3.DE;20130812;47.456172943115234
PAH3.DE;20130813;47.85981750488281
PAH3.DE;20130814;48.23563003540039
PAH3.DE;20130815;47.53273010253906
PAH3.DE;20130816;47.39353942871094
PAH3.DE;20130819;47.11516571044922
PAH3.DE;20130820;46.043418884277344
PAH3.DE;20130821;45.54929733276367
PAH3.DE;20130822;46.593204498291016
PAH3.DE;20130823;47.136043548583984
PAH3.DE;20130826;46.9272575378418
PAH3.DE;20130827;45.027339935302734
PAH3.DE;20130828;43.85120391845703
PAH3.DE;20130829;44.992549896240234
PAH3.DE;20130830;44.261810302734375
PAH3.DE;20130902;45.38923645019531
PAH3.DE;20130903;44.602813720703125
PAH3.DE;20130904;44.85335922241211
PAH3.DE;20130905;45.41706848144531
PAH3.DE;20130906;45.166534423828125
PAH3.DE;20130909;45.354434967041016
PAH3.DE;20130910;47.05253219604492
PAH3.DE;20130911;47.637115478515625
PAH3.DE;20130912;47.48401641845703
PAH3.DE;20130913;47.95029830932617
PAH3.DE;20130916;48.50704574584961
PAH3.DE;20130917;47.456172943115234
PAH3.DE;20130918;47.657997131347656
PAH3.DE;20130919;46.60713195800781
PAH3.DE;20130920;45.93903732299805
PAH3.DE;20130923;45.618892669677734
PAH3.DE;20130924;45.500579833984375
PAH3.DE;20130925;45.53538513183594
PAH3.DE;20130926;45.39619445800781
PAH3.DE;20130927;45.305721282958984
PAH3.DE;20130930;44.95774841308594
PAH3.DE;20131001;45.611934661865234
PAH3.DE;20131002;45.236122131347656
PAH3.DE;20131004;44.714168548583984
PAH3.DE;20131007;44.992549896240234
PAH3.DE;20131008;44.561065673828125
PAH3.DE;20131009;43.84424591064453
PAH3.DE;20131010;44.77680587768555
PAH3.DE;20131011;44.83247375488281
PAH3.DE;20131014;45.0203857421875
PAH3.DE;20131015;45.06909942626953
PAH3.DE;20131016;44.755924224853516
PAH3.DE;20131017;44.435794830322266
PAH3.DE;20131018;44.512351989746094
PAH3.DE;20131021;44.512351989746094
PAH3.DE;20131022;44.825523376464844
PAH3.DE;20131023;44.401004791259766
PAH3.DE;20131024;44.87424087524414
PAH3.DE;20131025;45.41011428833008
PAH3.DE;20131028;44.881195068359375
PAH3.DE;20131029;44.61674118041992
PAH3.DE;20131030;47.22651672363281
PAH3.DE;20131031;48.01292419433594
PAH3.DE;20131101;48.40961456298828
PAH3.DE;20131104;48.973323822021484
PAH3.DE;20131105;48.43744659423828
PAH3.DE;20131106;48.764549255371094
PAH3.DE;20131107;49.03595733642578
PAH3.DE;20131108;48.54880905151367
PAH3.DE;20131111;48.785423278808594
PAH3.DE;20131112;48.32611083984375
PAH3.DE;20131113;47.901588439941406
PAH3.DE;20131114;48.827178955078125
PAH3.DE;20131115;50.093788146972656
PAH3.DE;20131118;50.77580642700195
PAH3.DE;20131119;50.977630615234375
PAH3.DE;20131120;50.83148956298828
PAH3.DE;20131121;51.360408782958984
PAH3.DE;20131122;51.019386291503906
PAH3.DE;20131125;51.53438186645508
PAH3.DE;20131126;51.360408782958984
PAH3.DE;20131127;51.81275939941406
PAH3.DE;20131128;51.896278381347656
PAH3.DE;20131129;52.12593460083008
PAH3.DE;20131202;52.29296112060547
PAH3.DE;20131203;50.92195129394531
PAH3.DE;20131204;51.02635192871094
PAH3.DE;20131205;50.20513916015625
PAH3.DE;20131206;50.46959686279297
PAH3.DE;20131209;50.915000915527344
PAH3.DE;20131210;50.19122314453125
PAH3.DE;20131211;49.989402770996094
PAH3.DE;20131212;49.54399871826172
PAH3.DE;20131213;49.279541015625
PAH3.DE;20131216;50.10770797729492
PAH3.DE;20131217;50.44871520996094
PAH3.DE;20131218;50.61574172973633
PAH3.DE;20131219;51.88235855102539
PAH3.DE;20131220;52.15377426147461
PAH3.DE;20131223;52.174652099609375
PAH3.DE;20131227;52.75923538208008
PAH3.DE;20131230;52.65485382080078
PAH3.DE;20140102;52.01457977294922
PAH3.DE;20140103;52.44606399536133
PAH3.DE;20140106;52.20944595336914
PAH3.DE;20140107;53.13505554199219
PAH3.DE;20140108;53.23943328857422
PAH3.DE;20140109;53.49694061279297
PAH3.DE;20140110;53.61524963378906
PAH3.DE;20140113;54.27638626098633
PAH3.DE;20140114;53.23248291015625
PAH3.DE;20140115;54.05369186401367
PAH3.DE;20140116;54.07456588745117
PAH3.DE;20140117;54.56869888305664
PAH3.DE;20140120;54.85402297973633
PAH3.DE;20140121;55.048885345458984
PAH3.DE;20140122;55.153282165527344
PAH3.DE;20140123;54.659156799316406
PAH3.DE;20140124;52.83579635620117
PAH3.DE;20140127;51.7710075378418
PAH3.DE;20140128;52.63397216796875
PAH3.DE;20140129;51.06114959716797
PAH3.DE;20140130;51.18641662597656
PAH3.DE;20140131;50.53223419189453
PAH3.DE;20140203;49.38393020629883
PAH3.DE;20140204;49.933719635009766
PAH3.DE;20140205;49.724945068359375
PAH3.DE;20140206;51.1377067565918
PAH3.DE;20140207;51.42999267578125
PAH3.DE;20140210;53.16984939575195
PAH3.DE;20140211;54.57563781738281
PAH3.DE;20140212;55.563873291015625
PAH3.DE;20140213;55.3272590637207
PAH3.DE;20140214;55.73786544799805
PAH3.DE;20140217;55.52907943725586
PAH3.DE;20140218;55.64043045043945
PAH3.DE;20140219;55.577796936035156
PAH3.DE;20140220;54.71483612060547
PAH3.DE;20140221;55.73091125488281
PAH3.DE;20140224;52.61309051513672
PAH3.DE;20140225;53.29512023925781
PAH3.DE;20140226;53.079376220703125
PAH3.DE;20140227;52.773155212402344
PAH3.DE;20140228;53.02369689941406
PAH3.DE;20140303;51.62486267089844
PAH3.DE;20140304;52.62005615234375
PAH3.DE;20140305;52.529579162597656
PAH3.DE;20140306;53.16984939575195
PAH3.DE;20140307;52.167694091796875
PAH3.DE;20140310;51.0124397277832
PAH3.DE;20140311;51.47175598144531
PAH3.DE;20140312;50.76189422607422
PAH3.DE;20140313;50.88716506958008
PAH3.DE;20140314;50.28170394897461
PAH3.DE;20140317;50.92892074584961
PAH3.DE;20140318;50.803646087646484
PAH3.DE;20140319;50.420875549316406
PAH3.DE;20140320;50.10770797729492
PAH3.DE;20140321;49.80149459838867
PAH3.DE;20140324;49.12643051147461
PAH3.DE;20140325;50.058990478515625
PAH3.DE;20140326;50.629661560058594
PAH3.DE;20140327;50.5600700378418
PAH3.DE;20140328;51.889305114746094
PAH3.DE;20140331;51.86844253540039
PAH3.DE;20140401;53.26031494140625
PAH3.DE;20140402;53.754432678222656
PAH3.DE;20140403;53.70572280883789
PAH3.DE;20140404;54.283355712890625
PAH3.DE;20140407;53.42038345336914
PAH3.DE;20140408;52.62700653076172
PAH3.DE;20140409;54.923622131347656
PAH3.DE;20140410;54.90970230102539
PAH3.DE;20140411;55.195030212402344
PAH3.DE;20140414;54.42253875732422
PAH3.DE;20140415;53.4899787902832
PAH3.DE;20140416;54.659156799316406
PAH3.DE;20140417;55.856178283691406
PAH3.DE;20140422;56.86528396606445
PAH3.DE;20140423;55.68220138549805
PAH3.DE;20140424;55.61955642700195
PAH3.DE;20140425;55.4455680847168
PAH3.DE;20140428;55.45949172973633
PAH3.DE;20140429;55.07670974731445
PAH3.DE;20140430;55.22286605834961
PAH3.DE;20140502;54.923622131347656
PAH3.DE;20140505;54.72178649902344
PAH3.DE;20140506;53.37862777709961
PAH3.DE;20140507;52.341670989990234
PAH3.DE;20140508;53.99106216430664
PAH3.DE;20140509;53.94929885864258
PAH3.DE;20140512;54.52692794799805
PAH3.DE;20140513;54.756587982177734
PAH3.DE;20140514;54.97929382324219
PAH3.DE;20140515;54.53389358520508
PAH3.DE;20140516;53.97016906738281
PAH3.DE;20140519;54.610435485839844
PAH3.DE;20140520;55.243743896484375
PAH3.DE;20140521;55.3272590637207
PAH3.DE;20140522;55.014095306396484
PAH3.DE;20140523;55.20894241333008
PAH3.DE;20140526;56.106712341308594
PAH3.DE;20140527;55.953609466552734
PAH3.DE;20140528;55.882225036621094
PAH3.DE;20140529;55.9107780456543
PAH3.DE;20140530;55.925052642822266
PAH3.DE;20140602;55.518192291259766
PAH3.DE;20140603;55.382572174072266
PAH3.DE;20140604;54.90434265136719
PAH3.DE;20140605;55.860816955566406
PAH3.DE;20140606;56.09635543823242
PAH3.DE;20140609;56.074954986572266
PAH3.DE;20140610;55.85368347167969
PAH3.DE;20140611;55.36830139160156
PAH3.DE;20140612;55.69663619995117
PAH3.DE;20140613;55.182716369628906
PAH3.DE;20140616;54.98999786376953
PAH3.DE;20140617;55.20413589477539
PAH3.DE;20140618;55.16130065917969
PAH3.DE;20140619;55.66095733642578
PAH3.DE;20140620;55.996429443359375
PAH3.DE;20140623;55.49678039550781
PAH3.DE;20140624;55.63240051269531
PAH3.DE;20140625;54.96145248413086
PAH3.DE;20140626;54.1762809753418
PAH3.DE;20140627;54.511749267578125
PAH3.DE;20140630;54.31189727783203
PAH3.DE;20140701;54.99713897705078
PAH3.DE;20140702;55.34688186645508
PAH3.DE;20140703;55.1113395690918
PAH3.DE;20140704;55.075653076171875
PAH3.DE;20140707;54.56173324584961
PAH3.DE;20140708;53.5124626159668
PAH3.DE;20140709;53.39112091064453
PAH3.DE;20140710;53.448219299316406
PAH3.DE;20140711;53.63380432128906
PAH3.DE;20140714;54.16200256347656
PAH3.DE;20140715;54.1762809753418
PAH3.DE;20140716;54.98999786376953
PAH3.DE;20140717;54.07634735107422
PAH3.DE;20140718;53.57670211791992
PAH3.DE;20140721;52.88432693481445
PAH3.DE;20140722;52.77726745605469
PAH3.DE;20140723;52.98426818847656
PAH3.DE;20140724;53.29832458496094
PAH3.DE;20140725;52.456058502197266
PAH3.DE;20140728;50.614498138427734
PAH3.DE;20140729;50.77152633666992
PAH3.DE;20140730;50.36466979980469
PAH3.DE;20140731;50.0577392578125
PAH3.DE;20140801;50.06488037109375
PAH3.DE;20140804;50.000648498535156
PAH3.DE;20140805;49.42247772216797
PAH3.DE;20140806;48.801483154296875
PAH3.DE;20140807;48.244728088378906
PAH3.DE;20140808;47.69511413574219
PAH3.DE;20140811;48.78720474243164
PAH3.DE;20140812;48.466007232666016
PAH3.DE;20140813;48.65159225463867
PAH3.DE;20140814;48.58020782470703
PAH3.DE;20140815;47.78076934814453
PAH3.DE;20140818;48.63016891479492
PAH3.DE;20140819;49.7722282409668
PAH3.DE;20140820;49.53668212890625
PAH3.DE;20140821;50.271873474121094
PAH3.DE;20140822;50.03633117675781
PAH3.DE;20140825;50.57880783081055
PAH3.DE;20140826;50.91428756713867
PAH3.DE;20140827;50.88573455810547
PAH3.DE;20140828;50.193359375
PAH3.DE;20140829;49.42961502075195
PAH3.DE;20140901;49.0013427734375
PAH3.DE;20140902;49.22261428833008
PAH3.DE;20140903;49.65088653564453
PAH3.DE;20140904;50.07915496826172
PAH3.DE;20140905;49.96495819091797
PAH3.DE;20140908;49.61519241333008
PAH3.DE;20140909;49.244022369384766
PAH3.DE;20140910;48.83716583251953
PAH3.DE;20140911;48.65159225463867
PAH3.DE;20140912;48.844303131103516
PAH3.DE;20140915;48.70155334472656
PAH3.DE;20140916;48.42317581176758
PAH3.DE;20140917;48.38034439086914
PAH3.DE;20140918;48.6230354309082
PAH3.DE;20140919;48.637306213378906
PAH3.DE;20140922;48.194759368896484
PAH3.DE;20140923;46.88138961791992
PAH3.DE;20140924;46.5744743347168
PAH3.DE;20140925;45.932064056396484
PAH3.DE;20140926;46.060546875
PAH3.DE;20140929;45.70365524291992
PAH3.DE;20140930;45.28252410888672
PAH3.DE;20141001;44.96131134033203
PAH3.DE;20141002;44.56159591674805
PAH3.DE;20141006;44.54018783569336
PAH3.DE;20141007;44.376014709472656
PAH3.DE;20141008;44.07622528076172
PAH3.DE;20141009;44.42597961425781
PAH3.DE;20141010;43.341026306152344
PAH3.DE;20141013;43.662227630615234
PAH3.DE;20141014;43.61941146850586
PAH3.DE;20141015;42.47734069824219
PAH3.DE;20141016;42.29889678955078
PAH3.DE;20141017;44.17615509033203
PAH3.DE;20141020;43.2839241027832
PAH3.DE;20141021;43.976295471191406
PAH3.DE;20141022;44.66866683959961
PAH3.DE;20141023;44.804290771484375
PAH3.DE;20141024;44.47594451904297
PAH3.DE;20141027;43.77643585205078
PAH3.DE;20141028;44.16901779174805
PAH3.DE;20141029;44.66152572631836
PAH3.DE;20141030;45.603729248046875
PAH3.DE;20141031;46.63157653808594
PAH3.DE;20141103;46.4388542175293
PAH3.DE;20141104;45.982025146484375
PAH3.DE;20141105;46.76005554199219
PAH3.DE;20141106;47.54521942138672
PAH3.DE;20141107;47.09553527832031
PAH3.DE;20141110;47.195465087890625
PAH3.DE;20141111;46.909950256347656
PAH3.DE;20141112;46.13906478881836
PAH3.DE;20141113;45.91779708862305
PAH3.DE;20141114;45.34675979614258
PAH3.DE;20141117;45.268245697021484
PAH3.DE;20141118;46.07482147216797
PAH3.DE;20141119;46.13192367553711
PAH3.DE;20141120;46.00344467163086
PAH3.DE;20141121;47.652286529541016
PAH3.DE;20141124;48.059146881103516
PAH3.DE;20141125;48.70155334472656
PAH3.DE;20141126;49.2725715637207
PAH3.DE;20141127;49.479576110839844
PAH3.DE;20141128;49.99350357055664
PAH3.DE;20141201;50.0862922668457
PAH3.DE;20141202;49.96495819091797
PAH3.DE;20141203;50.107704162597656
PAH3.DE;20141204;49.83646774291992
PAH3.DE;20141205;50.942840576171875
PAH3.DE;20141208;50.4503288269043
PAH3.DE;20141209;49.49384689331055
PAH3.DE;20141210;48.74437713623047
PAH3.DE;20141211;48.70155334472656
PAH3.DE;20141212;47.72366714477539
PAH3.DE;20141215;46.310367584228516
PAH3.DE;20141216;46.42457580566406
PAH3.DE;20141217;46.50309371948242
PAH3.DE;20141218;47.8235969543457
PAH3.DE;20141219;48.4588623046875
PAH3.DE;20141222;48.558799743652344
PAH3.DE;20141223;48.951377868652344
PAH3.DE;20141229;48.687278747558594
PAH3.DE;20141230;47.93780517578125
PAH3.DE;20150102;47.188323974609375
PAH3.DE;20150105;46.060546875
PAH3.DE;20150106;46.76005554199219
PAH3.DE;20150107;46.931365966796875
PAH3.DE;20150108;48.323246002197266
PAH3.DE;20150109;47.78790283203125
PAH3.DE;20150112;47.930667877197266
PAH3.DE;20150113;48.815757751464844
PAH3.DE;20150114;47.72366714477539
PAH3.DE;20150115;48.694419860839844
PAH3.DE;20150116;49.60805892944336
PAH3.DE;20150119;49.900718688964844
PAH3.DE;20150120;50.0862922668457
PAH3.DE;20150121;50.60734939575195
PAH3.DE;20150122;52.1705436706543
PAH3.DE;20150123;53.71232223510742
PAH3.DE;20150126;53.990699768066406
PAH3.DE;20150127;53.39112091064453
PAH3.DE;20150128;54.026390075683594
PAH3.DE;20150129;53.92646408081055
PAH3.DE;20150130;53.14842987060547
PAH3.DE;20150202;54.09062194824219
PAH3.DE;20150203;55.04710388183594
PAH3.DE;20150204;55.84653091430664
PAH3.DE;20150205;56.688812255859375
PAH3.DE;20150206;56.72449493408203
PAH3.DE;20150209;55.36116409301758
PAH3.DE;20150210;55.675235748291016
PAH3.DE;20150211;55.82512664794922
PAH3.DE;20150212;57.16704177856445
PAH3.DE;20150213;57.217010498046875
PAH3.DE;20150216;56.874393463134766
PAH3.DE;20150217;56.139198303222656
PAH3.DE;20150218;57.42400360107422
PAH3.DE;20150219;58.144927978515625
PAH3.DE;20150220;58.45899200439453
PAH3.DE;20150223;59.21560287475586
PAH3.DE;20150224;59.237022399902344
PAH3.DE;20150225;58.41615676879883
PAH3.DE;20150226;59.187042236328125
PAH3.DE;20150227;59.065711975097656
PAH3.DE;20150302;60.28628921508789
PAH3.DE;20150303;59.09425735473633
PAH3.DE;20150304;59.536808013916016
PAH3.DE;20150305;59.993629455566406
PAH3.DE;20150306;60.57892608642578
PAH3.DE;20150309;61.071441650390625
PAH3.DE;20150310;60.7359619140625
PAH3.DE;20150311;63.162837982177734
PAH3.DE;20150312;62.934417724609375
PAH3.DE;20150313;63.90516662597656
PAH3.DE;20150316;64.88307189941406
PAH3.DE;20150317;64.04793548583984
PAH3.DE;20150318;62.613216400146484
PAH3.DE;20150319;63.24849319458008
PAH3.DE;20150320;63.79096603393555
PAH3.DE;20150323;62.085025787353516
PAH3.DE;20150324;62.720279693603516
PAH3.DE;20150325;63.012943267822266
PAH3.DE;20150326;63.52686309814453
PAH3.DE;20150327;64.3120346069336
PAH3.DE;20150330;65.92517852783203
PAH3.DE;20150331;65.28990936279297
PAH3.DE;20150401;64.73316955566406
PAH3.DE;20150402;64.5832748413086
PAH3.DE;20150407;65.20426177978516
PAH3.DE;20150408;65.26850128173828
PAH3.DE;20150409;66.2820816040039
PAH3.DE;20150410;67.09578704833984
PAH3.DE;20150413;65.98228454589844
PAH3.DE;20150414;65.425537109375
PAH3.DE;20150415;65.211395263671875
PAH3.DE;20150416;63.99796676635742
PAH3.DE;20150417;63.32701110839844
PAH3.DE;20150420;62.6346321105957
PAH3.DE;20150421;61.80665588378906
PAH3.DE;20150422;61.23561096191406
PAH3.DE;20150423;60.82160949707031
PAH3.DE;20150424;61.16423416137695
PAH3.DE;20150427;63.9622688293457
PAH3.DE;20150428;62.713157653808594
PAH3.DE;20150429;60.53610610961914
PAH3.DE;20150430;60.8858642578125
PAH3.DE;20150504;60.40761947631836
PAH3.DE;20150505;59.1513557434082
PAH3.DE;20150506;58.31623458862305
PAH3.DE;20150507;59.40833282470703
PAH3.DE;20150508;60.486141204833984
PAH3.DE;20150511;60.750240325927734
PAH3.DE;20150512;58.50895309448242
PAH3.DE;20150513;58.31623458862305
PAH3.DE;20150514;59.479766845703125
PAH3.DE;20150515;58.243045806884766
PAH3.DE;20150518;60.00666046142578
PAH3.DE;20150519;62.66305160522461
PAH3.DE;20150520;62.39961242675781
PAH3.DE;20150521;62.3410758972168
PAH3.DE;20150522;61.960540771484375
PAH3.DE;20150526;60.694549560546875
PAH3.DE;20150527;61.38242721557617
PAH3.DE;20150528;60.13838577270508
PAH3.DE;20150529;58.850440979003906
PAH3.DE;20150601;58.86507797241211
PAH3.DE;20150602;57.95766067504883
PAH3.DE;20150603;58.2576904296875
PAH3.DE;20150604;57.803977966308594
PAH3.DE;20150605;57.1453742980957
PAH3.DE;20150608;56.172096252441406
PAH3.DE;20150609;55.98182678222656
PAH3.DE;20150610;57.796661376953125
PAH3.DE;20150611;58.20646667480469
PAH3.DE;20150612;56.80874252319336
PAH3.DE;20150615;55.70375442504883
PAH3.DE;20150616;56.208675384521484
PAH3.DE;20150617;55.440303802490234
PAH3.DE;20150618;55.85010528564453
PAH3.DE;20150619;56.69898986816406
PAH3.DE;20150622;58.36745834350586
PAH3.DE;20150623;58.88702392578125
PAH3.DE;20150624;58.38941955566406
PAH3.DE;20150625;58.3820915222168
PAH3.DE;20150626;58.528446197509766
PAH3.DE;20150629;56.5599365234375
PAH3.DE;20150630;55.301265716552734
PAH3.DE;20150701;56.99901580810547
PAH3.DE;20150702;56.706295013427734
PAH3.DE;20150703;55.98914337158203
PAH3.DE;20150706;55.264678955078125
PAH3.DE;20150707;54.481651306152344
PAH3.DE;20150708;52.90831756591797
PAH3.DE;20150709;54.24017333984375
PAH3.DE;20150710;55.03050231933594
PAH3.DE;20150713;55.44761657714844
PAH3.DE;20150714;54.47434616088867
PAH3.DE;20150715;53.96940612792969
PAH3.DE;20150716;55.24271774291992
PAH3.DE;20150717;55.184181213378906
PAH3.DE;20150720;54.701194763183594
PAH3.DE;20150721;54.21821212768555
PAH3.DE;20150722;53.42056655883789
PAH3.DE;20150723;53.44983673095703
PAH3.DE;20150724;52.17652893066406
PAH3.DE;20150727;50.771488189697266
PAH3.DE;20150728;51.56914520263672
PAH3.DE;20150729;50.58122634887695
PAH3.DE;20150730;50.27387619018555
PAH3.DE;20150731;50.12020492553711
PAH3.DE;20150803;50.12020492553711
PAH3.DE;20150804;50.7934455871582
PAH3.DE;20150805;52.24970626831055
PAH3.DE;20150806;51.905765533447266
PAH3.DE;20150807;51.64231872558594
PAH3.DE;20150810;52.07408142089844
PAH3.DE;20150811;50.0689697265625
PAH3.DE;20150812;48.33464050292969
PAH3.DE;20150813;48.56881332397461
PAH3.DE;20150814;49.60795593261719
PAH3.DE;20150817;49.45427322387695
PAH3.DE;20150818;48.81761932373047
PAH3.DE;20150819;47.8297004699707
PAH3.DE;20150820;46.688114166259766
PAH3.DE;20150821;45.86118698120117
PAH3.DE;20150824;43.629234313964844
PAH3.DE;20150825;45.80264663696289
PAH3.DE;20150826;45.180625915527344
PAH3.DE;20150827;46.23440170288086
PAH3.DE;20150828;46.029502868652344
PAH3.DE;20150831;45.45138931274414
PAH3.DE;20150901;44.1707649230957
PAH3.DE;20150902;43.797542572021484
PAH3.DE;20150903;45.1220817565918
PAH3.DE;20150904;44.12684631347656
PAH3.DE;20150907;44.28052520751953
PAH3.DE;20150908;45.144039154052734
PAH3.DE;20150909;45.678245544433594
PAH3.DE;20150910;45.2684440612793
PAH3.DE;20150911;45.005001068115234
PAH3.DE;20150914;44.858638763427734
PAH3.DE;20150915;45.385528564453125
PAH3.DE;20150916;46.24903869628906
PAH3.DE;20150917;45.80264663696289
PAH3.DE;20150918;44.37565994262695
PAH3.DE;20150921;36.73579025268555
PAH3.DE;20150922;30.40947151184082
PAH3.DE;20150923;30.976612091064453
PAH3.DE;20150924;30.790006637573242
PAH3.DE;20150925;29.816726684570312
PAH3.DE;20150928;27.749425888061523
PAH3.DE;20150929;27.47134780883789
PAH3.DE;20150930;27.87748908996582
PAH3.DE;20151001;27.464021682739258
PAH3.DE;20151002;26.2455997467041
PAH3.DE;20151005;27.20058250427246
PAH3.DE;20151006;28.09702491760254
PAH3.DE;20151007;29.600849151611328
PAH3.DE;20151008;30.230186462402344
PAH3.DE;20151009;30.89611053466797
PAH3.DE;20151012;30.921728134155273
PAH3.DE;20151013;30.167985916137695
PAH3.DE;20151014;29.425220489501953
PAH3.DE;20151015;29.1910457611084
PAH3.DE;20151016;28.378759384155273
PAH3.DE;20151019;28.40437126159668
PAH3.DE;20151020;28.10799789428711
PAH3.DE;20151021;28.71172523498535
PAH3.DE;20151022;29.9081974029541
PAH3.DE;20151023;30.852205276489258
PAH3.DE;20151026;30.735124588012695
PAH3.DE;20151027;29.52401351928711
PAH3.DE;20151028;30.804643630981445
PAH3.DE;20151029;30.749753952026367
PAH3.DE;20151030;31.174196243286133
PAH3.DE;20151102;32.275535583496094
PAH3.DE;20151103;31.8840274810791
PAH3.DE;20151104;29.33008575439453
PAH3.DE;20151105;28.634885787963867
PAH3.DE;20151106;29.315452575683594
PAH3.DE;20151109;29.095909118652344
PAH3.DE;20151110;29.198366165161133
PAH3.DE;20151111;28.426328659057617
PAH3.DE;20151112;27.826263427734375
PAH3.DE;20151113;28.30924415588379
PAH3.DE;20151116;28.382421493530273
PAH3.DE;20151117;29.143484115600586
PAH3.DE;20151118;29.897220611572266
PAH3.DE;20151119;30.680234909057617
PAH3.DE;20151120;31.247371673583984
PAH3.DE;20151123;31.035158157348633
PAH3.DE;20151124;32.50239181518555
PAH3.DE;20151125;33.929378509521484
PAH3.DE;20151126;34.92461013793945
PAH3.DE;20151127;35.19537353515625
PAH3.DE;20151130;36.355255126953125
PAH3.DE;20151201;36.285736083984375
PAH3.DE;20151202;35.371002197265625
PAH3.DE;20151203;35.29416275024414
PAH3.DE;20151204;35.64908218383789
PAH3.DE;20151207;35.897891998291016
PAH3.DE;20151208;34.49651336669922
PAH3.DE;20151209;36.362571716308594
PAH3.DE;20151210;36.64797592163086
PAH3.DE;20151211;35.605167388916016
PAH3.DE;20151214;34.15256881713867
PAH3.DE;20151215;34.07572937011719
PAH3.DE;20151216;34.74531936645508
PAH3.DE;20151217;35.718597412109375
PAH3.DE;20151218;35.890567779541016
PAH3.DE;20151221;35.949119567871094
PAH3.DE;20151222;36.677242279052734
PAH3.DE;20151223;37.518802642822266
PAH3.DE;20151225;37.518802642822266
PAH3.DE;20151228;36.88214111328125
PAH3.DE;20151229;37.16754150390625
PAH3.DE;20151230;36.59675216674805
BMW.DE;20130102;42.24271011352539
BMW.DE;20130103;42.06468200683594
BMW.DE;20130104;42.170387268066406
BMW.DE;20130107;42.14256286621094
BMW.DE;20130108;40.72947311401367
BMW.DE;20130109;40.14531707763672
BMW.DE;20130110;40.55144119262695
BMW.DE;20130111;40.73503494262695
BMW.DE;20130114;40.73503494262695
BMW.DE;20130115;40.32334518432617
BMW.DE;20130116;40.668277740478516
BMW.DE;20130117;41.20235824584961
BMW.DE;20130118;40.79623031616211
BMW.DE;20130121;41.32475280761719
BMW.DE;20130122;41.25799560546875
BMW.DE;20130123;41.358123779296875
BMW.DE;20130124;41.519466400146484
BMW.DE;20130125;42.198204040527344
BMW.DE;20130128;42.00347900390625
BMW.DE;20130129;42.04799270629883
BMW.DE;20130130;41.67524719238281
BMW.DE;20130131;41.25242614746094
BMW.DE;20130201;41.43601989746094
BMW.DE;20130204;40.072994232177734
BMW.DE;20130205;39.978416442871094
BMW.DE;20130206;39.9283447265625
BMW.DE;20130207;39.911651611328125
BMW.DE;20130208;40.890804290771484
BMW.DE;20130211;40.09524917602539
BMW.DE;20130212;39.78926086425781
BMW.DE;20130213;40.13975524902344
BMW.DE;20130214;39.87827682495117
BMW.DE;20130215;39.86158752441406
BMW.DE;20130218;39.705810546875
BMW.DE;20130219;39.93947219848633
BMW.DE;20130220;39.3664436340332
BMW.DE;20130221;38.42066955566406
BMW.DE;20130222;38.27046585083008
BMW.DE;20130225;39.26630401611328
BMW.DE;20130226;38.64320755004883
BMW.DE;20130227;39.12165451049805
BMW.DE;20130228;39.33306121826172
BMW.DE;20130301;38.498558044433594
BMW.DE;20130304;38.60982894897461
BMW.DE;20130305;39.72806167602539
BMW.DE;20130306;39.83376693725586
BMW.DE;20130307;40.067420959472656
BMW.DE;20130308;40.41792297363281
BMW.DE;20130311;40.36785125732422
BMW.DE;20130312;40.05630111694336
BMW.DE;20130313;39.65017318725586
BMW.DE;20130314;39.466590881347656
BMW.DE;20130315;38.94362258911133
BMW.DE;20130318;39.04933547973633
BMW.DE;20130319;38.42622756958008
BMW.DE;20130320;39.027076721191406
BMW.DE;20130321;38.58756637573242
BMW.DE;20130322;38.71552276611328
BMW.DE;20130325;38.80455017089844
BMW.DE;20130326;38.837921142578125
BMW.DE;20130327;38.44292068481445
BMW.DE;20130328;37.44707489013672
BMW.DE;20130402;38.02567672729492
BMW.DE;20130403;38.04792022705078
BMW.DE;20130404;37.59172439575195
BMW.DE;20130405;36.8907356262207
BMW.DE;20130408;36.88517761230469
BMW.DE;20130409;36.66264724731445
BMW.DE;20130410;37.80313491821289
BMW.DE;20130411;38.40398025512695
BMW.DE;20130412;37.49714660644531
BMW.DE;20130415;36.96306610107422
BMW.DE;20130416;37.19672775268555
BMW.DE;20130417;36.16193771362305
BMW.DE;20130418;35.566654205322266
BMW.DE;20130419;36.07292556762695
BMW.DE;20130422;36.29546356201172
BMW.DE;20130423;37.1522216796875
BMW.DE;20130424;37.7419319152832
BMW.DE;20130425;38.32609176635742
BMW.DE;20130426;38.17588424682617
BMW.DE;20130429;38.86574172973633
BMW.DE;20130430;38.97144317626953
BMW.DE;20130502;39.35531997680664
BMW.DE;20130503;40.12306594848633
BMW.DE;20130506;39.683563232421875
BMW.DE;20130507;39.48884201049805
BMW.DE;20130508;39.51665496826172
BMW.DE;20130509;39.538909912109375
BMW.DE;20130510;39.967281341552734
BMW.DE;20130513;40.10080337524414
BMW.DE;20130514;40.78510284423828
BMW.DE;20130515;41.43019485473633
BMW.DE;20130516;41.124935150146484
BMW.DE;20130517;41.43019485473633
BMW.DE;20130520;42.63399887084961
BMW.DE;20130521;42.52456283569336
BMW.DE;20130522;42.24808883666992
BMW.DE;20130523;41.17101287841797
BMW.DE;20130524;40.82542419433594
BMW.DE;20130527;41.40140151977539
BMW.DE;20130528;41.64907455444336
BMW.DE;20130529;41.71242904663086
BMW.DE;20130530;42.13289260864258
BMW.DE;20130531;42.44392776489258
BMW.DE;20130603;42.10985565185547
BMW.DE;20130604;42.21929931640625
BMW.DE;20130605;41.68939208984375
BMW.DE;20130606;40.92333984375
BMW.DE;20130607;41.58571243286133
BMW.DE;20130610;41.752750396728516
BMW.DE;20130611;41.13068771362305
BMW.DE;20130612;40.41071701049805
BMW.DE;20130613;39.83474349975586
BMW.DE;20130614;40.33583450317383
BMW.DE;20130617;40.63534927368164
BMW.DE;20130618;40.243690490722656
BMW.DE;20130619;40.203369140625
BMW.DE;20130620;38.26232147216797
BMW.DE;20130621;37.070037841796875
BMW.DE;20130624;36.88572692871094
BMW.DE;20130625;37.96856689453125
BMW.DE;20130626;38.45813751220703
BMW.DE;20130627;38.75765609741211
BMW.DE;20130628;38.69430160522461
BMW.DE;20130701;38.75189971923828
BMW.DE;20130702;38.26232147216797
BMW.DE;20130703;38.08375930786133
BMW.DE;20130704;38.99380874633789
BMW.DE;20130705;38.12984085083008
BMW.DE;20130708;39.109004974365234
BMW.DE;20130709;39.75986099243164
BMW.DE;20130710;39.742584228515625
BMW.DE;20130711;40.40496063232422
BMW.DE;20130712;40.618072509765625
BMW.DE;20130715;40.81390380859375
BMW.DE;20130716;40.95213317871094
BMW.DE;20130717;41.05005645751953
BMW.DE;20130718;41.482032775878906
BMW.DE;20130719;41.603004455566406
BMW.DE;20130722;41.5453987121582
BMW.DE;20130723;41.70090866088867
BMW.DE;20130724;42.541839599609375
BMW.DE;20130725;42.6455192565918
BMW.DE;20130726;42.71464157104492
BMW.DE;20130729;42.60520553588867
BMW.DE;20130730;42.88166427612305
BMW.DE;20130731;42.38632583618164
BMW.DE;20130801;42.05226516723633
BMW.DE;20130802;41.74699020385742
BMW.DE;20130805;41.574195861816406
BMW.DE;20130806;41.10765838623047
BMW.DE;20130807;40.68718338012695
BMW.DE;20130808;41.28620910644531
BMW.DE;20130809;41.64331817626953
BMW.DE;20130812;42.13865661621094
BMW.DE;20130813;42.60520553588867
BMW.DE;20130814;42.85287094116211
BMW.DE;20130815;42.829833984375
BMW.DE;20130816;43.50372314453125
BMW.DE;20130819;43.21574783325195
BMW.DE;20130820;42.651283264160156
BMW.DE;20130821;42.44968032836914
BMW.DE;20130822;43.30213928222656
BMW.DE;20130823;43.42885208129883
BMW.DE;20130826;43.440364837646484
BMW.DE;20130827;42.0464973449707
BMW.DE;20130828;41.32652282714844
BMW.DE;20130829;41.70667266845703
BMW.DE;20130830;41.06157684326172
BMW.DE;20130902;41.908267974853516
BMW.DE;20130903;41.603004455566406
BMW.DE;20130904;41.81034851074219
BMW.DE;20130905;44.3331413269043
BMW.DE;20130906;44.75360107421875
BMW.DE;20130909;45.02431106567383
BMW.DE;20130910;45.5830192565918
BMW.DE;20130911;46.0783576965332
BMW.DE;20130912;45.81917190551758
BMW.DE;20130913;46.020755767822266
BMW.DE;20130916;46.41242599487305
BMW.DE;20130917;46.182029724121094
BMW.DE;20130918;46.10715866088867
BMW.DE;20130919;46.90776824951172
BMW.DE;20130920;46.34906768798828
BMW.DE;20130923;46.256900787353516
BMW.DE;20130924;46.539146423339844
BMW.DE;20130925;46.291465759277344
BMW.DE;20130926;45.91707992553711
BMW.DE;20130927;46.13595199584961
BMW.DE;20130930;45.77309036254883
BMW.DE;20131001;46.60249710083008
BMW.DE;20131002;45.675167083740234
BMW.DE;20131004;45.894046783447266
BMW.DE;20131007;45.60029983520508
BMW.DE;20131008;45.283504486083984
BMW.DE;20131009;45.38718032836914
BMW.DE;20131010;46.2972297668457
BMW.DE;20131011;46.50458526611328
BMW.DE;20131014;46.44122314453125
BMW.DE;20131015;47.777496337890625
BMW.DE;20131016;47.34550857543945
BMW.DE;20131017;47.195762634277344
BMW.DE;20131018;47.247596740722656
BMW.DE;20131021;47.287906646728516
BMW.DE;20131022;47.14391326904297
BMW.DE;20131023;47.23031234741211
BMW.DE;20131024;48.128841400146484
BMW.DE;20131025;48.18644332885742
BMW.DE;20131028;47.45494842529297
BMW.DE;20131029;47.35127639770508
BMW.DE;20131030;47.627742767333984
BMW.DE;20131031;48.1173210144043
BMW.DE;20131101;47.62198257446289
BMW.DE;20131104;48.15188217163086
BMW.DE;20131105;46.76953125
BMW.DE;20131106;47.322471618652344
BMW.DE;20131107;47.126644134521484
BMW.DE;20131108;47.09783935546875
BMW.DE;20131111;47.27063751220703
BMW.DE;20131112;46.96535873413086
BMW.DE;20131113;46.63129425048828
BMW.DE;20131114;46.99991989135742
BMW.DE;20131115;46.97112274169922
BMW.DE;20131118;47.92149353027344
BMW.DE;20131119;47.81781768798828
BMW.DE;20131120;47.96757125854492
BMW.DE;20131121;47.886932373046875
BMW.DE;20131122;48.249786376953125
BMW.DE;20131125;48.7105827331543
BMW.DE;20131126;48.566585540771484
BMW.DE;20131127;48.843055725097656
BMW.DE;20131128;48.8027458190918
BMW.DE;20131129;48.7105827331543
BMW.DE;20131202;49.021610260009766
BMW.DE;20131203;48.10580062866211
BMW.DE;20131204;47.54133987426758
BMW.DE;20131205;46.988399505615234
BMW.DE;20131206;47.31096267700195
BMW.DE;20131209;47.29367446899414
BMW.DE;20131210;46.68313980102539
BMW.DE;20131211;46.41242599487305
BMW.DE;20131212;45.95164108276367
BMW.DE;20131213;45.957401275634766
BMW.DE;20131216;46.60826110839844
BMW.DE;20131217;46.33179473876953
BMW.DE;20131218;47.31096267700195
BMW.DE;20131219;48.03092575073242
BMW.DE;20131220;48.37651062011719
BMW.DE;20131223;48.69906234741211
BMW.DE;20131227;49.200172424316406
BMW.DE;20131230;49.084964752197266
BMW.DE;20140102;48.1173210144043
BMW.DE;20140103;48.37075424194336
BMW.DE;20140106;47.800533294677734
BMW.DE;20140107;48.12309265136719
BMW.DE;20140108;48.64146041870117
BMW.DE;20140109;48.3016357421875
BMW.DE;20140110;47.89268493652344
BMW.DE;20140113;48.468666076660156
BMW.DE;20140114;48.45139694213867
BMW.DE;20140115;48.935211181640625
BMW.DE;20140116;49.24624252319336
BMW.DE;20140117;49.65519332885742
BMW.DE;20140120;49.6091194152832
BMW.DE;20140121;49.4939079284668
BMW.DE;20140122;49.378719329833984
BMW.DE;20140123;48.75090408325195
BMW.DE;20140124;47.213035583496094
BMW.DE;20140127;46.33179473876953
BMW.DE;20140128;46.95960235595703
BMW.DE;20140129;46.55642318725586
BMW.DE;20140130;46.550655364990234
BMW.DE;20140131;46.550655364990234
BMW.DE;20140203;46.072593688964844
BMW.DE;20140204;46.24538803100586
BMW.DE;20140205;46.00923156738281
BMW.DE;20140206;46.90776824951172
BMW.DE;20140207;47.11511993408203
BMW.DE;20140210;47.23031234741211
BMW.DE;20140211;48.64146041870117
BMW.DE;20140212;48.940975189208984
BMW.DE;20140213;49.165611267089844
BMW.DE;20140214;49.534236907958984
BMW.DE;20140217;48.91793441772461
BMW.DE;20140218;48.73938751220703
BMW.DE;20140219;48.958251953125
BMW.DE;20140220;48.629947662353516
BMW.DE;20140221;49.084964752197266
BMW.DE;20140224;48.72210693359375
BMW.DE;20140225;48.353477478027344
BMW.DE;20140226;48.560829162597656
BMW.DE;20140227;48.26707458496094
BMW.DE;20140228;48.49747085571289
BMW.DE;20140303;47.02872085571289
BMW.DE;20140304;47.67958450317383
BMW.DE;20140305;47.50678253173828
BMW.DE;20140306;47.85237503051758
BMW.DE;20140307;47.14967346191406
BMW.DE;20140310;46.37786102294922
BMW.DE;20140311;46.775291442871094
BMW.DE;20140312;46.21659469604492
BMW.DE;20140313;46.14747619628906
BMW.DE;20140314;45.652130126953125
BMW.DE;20140317;46.12443161010742
BMW.DE;20140318;46.12443161010742
BMW.DE;20140319;49.87981414794922
BMW.DE;20140320;50.283016204833984
BMW.DE;20140321;50.916587829589844
BMW.DE;20140324;50.72074890136719
BMW.DE;20140325;51.5213623046875
BMW.DE;20140326;52.18373489379883
BMW.DE;20140327;52.57540512084961
BMW.DE;20140328;53.12258529663086
BMW.DE;20140331;52.771240234375
BMW.DE;20140401;53.041954040527344
BMW.DE;20140402;53.364498138427734
BMW.DE;20140403;53.58913040161133
BMW.DE;20140404;54.0556755065918
BMW.DE;20140407;52.89219665527344
BMW.DE;20140408;52.656044006347656
BMW.DE;20140409;52.58116912841797
BMW.DE;20140410;52.13190841674805
BMW.DE;20140411;51.959102630615234
BMW.DE;20140414;51.91879653930664
BMW.DE;20140415;50.795631408691406
BMW.DE;20140416;52.07430648803711
BMW.DE;20140417;53.05923080444336
BMW.DE;20140422;54.15358352661133
BMW.DE;20140423;53.381778717041016
BMW.DE;20140424;52.6790771484375
BMW.DE;20140425;51.584720611572266
BMW.DE;20140428;51.7459831237793
BMW.DE;20140429;52.03398132324219
BMW.DE;20140430;51.941837310791016
BMW.DE;20140502;51.27946090698242
BMW.DE;20140505;51.11817169189453
BMW.DE;20140506;50.93962478637695
BMW.DE;20140507;50.795631408691406
BMW.DE;20140508;50.85898971557617
BMW.DE;20140509;50.75531005859375
BMW.DE;20140512;51.08937072753906
BMW.DE;20140513;51.5213623046875
BMW.DE;20140514;51.40615463256836
BMW.DE;20140515;50.74955368041992
BMW.DE;20140516;51.295562744140625
BMW.DE;20140519;52.33417892456055
BMW.DE;20140520;52.22734069824219
BMW.DE;20140521;52.642784118652344
BMW.DE;20140522;53.022621154785156
BMW.DE;20140523;53.343116760253906
BMW.DE;20140526;54.168067932128906
BMW.DE;20140527;54.464813232421875
BMW.DE;20140528;54.22148895263672
BMW.DE;20140529;54.67847442626953
BMW.DE;20140530;54.65472412109375
BMW.DE;20140602;54.29270553588867
BMW.DE;20140603;54.613189697265625
BMW.DE;20140604;54.168067932128906
BMW.DE;20140605;55.052371978759766
BMW.DE;20140606;55.123592376708984
BMW.DE;20140609;54.945556640625
BMW.DE;20140610;54.613189697265625
BMW.DE;20140611;54.447017669677734
BMW.DE;20140612;54.22148895263672
BMW.DE;20140613;53.865394592285156
BMW.DE;20140616;53.966278076171875
BMW.DE;20140617;53.85944366455078
BMW.DE;20140618;54.251155853271484
BMW.DE;20140619;54.998958587646484
BMW.DE;20140620;54.93367004394531
BMW.DE;20140623;54.304561614990234
BMW.DE;20140624;55.84765625
BMW.DE;20140625;55.24821853637695
BMW.DE;20140626;54.886192321777344
BMW.DE;20140627;54.81496810913086
BMW.DE;20140630;54.96928787231445
BMW.DE;20140701;55.372859954833984
BMW.DE;20140702;55.71708297729492
BMW.DE;20140703;56.571712493896484
BMW.DE;20140704;56.4708251953125
BMW.DE;20140707;55.73488998413086
BMW.DE;20140708;55.01676940917969
BMW.DE;20140709;55.028629302978516
BMW.DE;20140710;54.25709915161133
BMW.DE;20140711;54.64287185668945
BMW.DE;20140714;55.09392166137695
BMW.DE;20140715;54.886192321777344
BMW.DE;20140716;56.53017044067383
BMW.DE;20140717;56.06724166870117
BMW.DE;20140718;55.55683898925781
BMW.DE;20140721;54.886192321777344
BMW.DE;20140722;55.7704963684082
BMW.DE;20140723;56.06130599975586
BMW.DE;20140724;56.684486389160156
BMW.DE;20140725;55.96634292602539
BMW.DE;20140728;54.72594451904297
BMW.DE;20140729;54.32236862182617
BMW.DE;20140730;53.99002456665039
BMW.DE;20140731;53.022621154785156
BMW.DE;20140801;52.007755279541016
BMW.DE;20140804;52.47067642211914
BMW.DE;20140805;52.524085998535156
BMW.DE;20140806;52.25109100341797
BMW.DE;20140807;51.159061431884766
BMW.DE;20140808;51.27182388305664
BMW.DE;20140811;52.71994400024414
BMW.DE;20140812;51.75254821777344
BMW.DE;20140813;52.12645721435547
BMW.DE;20140814;52.393524169921875
BMW.DE;20140815;51.182804107666016
BMW.DE;20140818;52.24514389038086
BMW.DE;20140819;52.83271026611328
BMW.DE;20140820;52.589378356933594
BMW.DE;20140821;53.28376007080078
BMW.DE;20140822;52.856449127197266
BMW.DE;20140825;54.08498764038086
BMW.DE;20140826;54.09090805053711
BMW.DE;20140827;53.580509185791016
BMW.DE;20140828;52.98701477050781
BMW.DE;20140829;52.583438873291016
BMW.DE;20140901;52.23328399658203
BMW.DE;20140902;52.221412658691406
BMW.DE;20140903;53.420265197753906
BMW.DE;20140904;54.32831573486328
BMW.DE;20140905;54.6309814453125
BMW.DE;20140908;54.54790115356445
BMW.DE;20140909;54.150264739990234
BMW.DE;20140910;53.61018753051758
BMW.DE;20140911;53.41433334350586
BMW.DE;20140912;53.076045989990234
BMW.DE;20140915;53.111656188964844
BMW.DE;20140916;52.9810791015625
BMW.DE;20140917;53.29563522338867
BMW.DE;20140918;53.63985824584961
BMW.DE;20140919;52.814903259277344
BMW.DE;20140922;51.49735641479492
BMW.DE;20140923;50.387516021728516
BMW.DE;20140924;51.50922393798828
BMW.DE;20140925;50.59524154663086
BMW.DE;20140926;50.82670593261719
BMW.DE;20140929;50.571510314941406
BMW.DE;20140930;50.458740234375
BMW.DE;20141001;50.34597396850586
BMW.DE;20141002;49.62785720825195
BMW.DE;20141006;48.65452194213867
BMW.DE;20141007;48.862247467041016
BMW.DE;20141008;48.21533966064453
BMW.DE;20141009;48.963134765625
BMW.DE;20141010;47.20046615600586
BMW.DE;20141013;47.14705276489258
BMW.DE;20141014;47.16485595703125
BMW.DE;20141015;45.942264556884766
BMW.DE;20141016;46.203392028808594
BMW.DE;20141017;47.81769561767578
BMW.DE;20141020;47.24795150756836
BMW.DE;20141021;48.280616760253906
BMW.DE;20141022;49.01654815673828
BMW.DE;20141023;49.348907470703125
BMW.DE;20141024;48.838497161865234
BMW.DE;20141027;48.245018005371094
BMW.DE;20141028;48.91565704345703
BMW.DE;20141029;49.06402587890625
BMW.DE;20141030;49.277687072753906
BMW.DE;20141031;50.63678741455078
BMW.DE;20141103;50.60710906982422
BMW.DE;20141104;49.19459915161133
BMW.DE;20141105;49.76435470581055
BMW.DE;20141106;50.07889938354492
BMW.DE;20141107;49.45573425292969
BMW.DE;20141110;49.799964904785156
BMW.DE;20141111;50.03736114501953
BMW.DE;20141112;49.0877685546875
BMW.DE;20141113;49.09371566772461
BMW.DE;20141114;49.295494079589844
BMW.DE;20141117;49.53289031982422
BMW.DE;20141118;50.10858154296875
BMW.DE;20141119;50.29849624633789
BMW.DE;20141120;50.387516021728516
BMW.DE;20141121;52.32231140136719
BMW.DE;20141124;53.05823516845703
BMW.DE;20141125;53.622047424316406
BMW.DE;20141126;53.69921112060547
BMW.DE;20141127;54.29863739013672
BMW.DE;20141128;54.5716438293457
BMW.DE;20141201;54.73781967163086
BMW.DE;20141202;54.488555908203125
BMW.DE;20141203;54.15619659423828
BMW.DE;20141204;53.33717727661133
BMW.DE;20141205;54.80903244018555
BMW.DE;20141208;54.36392593383789
BMW.DE;20141209;52.76148986816406
BMW.DE;20141210;53.289703369140625
BMW.DE;20141211;53.59831619262695
BMW.DE;20141212;52.21548080444336
BMW.DE;20141215;50.45280075073242
BMW.DE;20141216;52.26295471191406
BMW.DE;20141217;51.93060302734375
BMW.DE;20141218;53.61018753051758
BMW.DE;20141219;53.378726959228516
BMW.DE;20141222;53.42620086669922
BMW.DE;20141223;53.90693664550781
BMW.DE;20141229;54.013763427734375
BMW.DE;20141230;53.27783203125
BMW.DE;20150102;52.23328399658203
BMW.DE;20150105;50.49434280395508
BMW.DE;20150106;50.93947219848633
BMW.DE;20150107;51.21247863769531
BMW.DE;20150108;53.05229949951172
BMW.DE;20150109;52.32231140136719
BMW.DE;20150112;52.613121032714844
BMW.DE;20150113;53.78823471069336
BMW.DE;20150114;52.690277099609375
BMW.DE;20150115;54.04936981201172
BMW.DE;20150116;55.54498291015625
BMW.DE;20150119;55.91886520385742
BMW.DE;20150120;56.22748947143555
BMW.DE;20150121;56.334312438964844
BMW.DE;20150122;58.186004638671875
BMW.DE;20150123;61.01103210449219
BMW.DE;20150126;62.465087890625
BMW.DE;20150127;60.5362434387207
BMW.DE;20150128;61.1890869140625
BMW.DE;20150129;61.10005569458008
BMW.DE;20150130;61.36714172363281
BMW.DE;20150202;61.87160110473633
BMW.DE;20150203;63.0882682800293
BMW.DE;20150204;63.29597854614258
BMW.DE;20150205;63.29597854614258
BMW.DE;20150206;63.4146728515625
BMW.DE;20150209;60.83300018310547
BMW.DE;20150210;62.138671875
BMW.DE;20150211;61.99030303955078
BMW.DE;20150212;63.32566452026367
BMW.DE;20150213;63.97850799560547
BMW.DE;20150216;63.26631546020508
BMW.DE;20150217;63.35533142089844
BMW.DE;20150218;64.54231262207031
BMW.DE;20150219;64.957763671875
BMW.DE;20150220;65.93701934814453
BMW.DE;20150223;66.263458251953125
BMW.DE;20150224;65.66996002197266
BMW.DE;20150225;65.07646942138672
BMW.DE;20150226;66.471160888671875
BMW.DE;20150227;67.064666748046875
BMW.DE;20150302;67.77685546875
BMW.DE;20150303;65.877685546875
BMW.DE;20150304;67.064666748046875
BMW.DE;20150305;67.95490264892578
BMW.DE;20150306;68.42969512939453
BMW.DE;20150309;67.865875244140625
BMW.DE;20150310;67.4801025390625
BMW.DE;20150311;70.83333587646484
BMW.DE;20150312;70.3585433959961
BMW.DE;20150313;71.1894302368164
BMW.DE;20150316;72.76219177246094
BMW.DE;20150317;71.8125991821289
BMW.DE;20150318;68.7857894897461
BMW.DE;20150319;69.20122528076172
BMW.DE;20150320;69.2902603149414
BMW.DE;20150323;67.50977325439453
BMW.DE;20150324;68.31099700927734
BMW.DE;20150325;67.74717712402344
BMW.DE;20150326;69.1122055053711
BMW.DE;20150327;68.90448760986328
BMW.DE;20150330;70.0321273803711
BMW.DE;20150331;69.1122055053711
BMW.DE;20150401;68.54839324951172
BMW.DE;20150402;68.22198486328125
BMW.DE;20150407;68.192291259765625
BMW.DE;20150408;67.21302795410156
BMW.DE;20150409;68.963836669921875
BMW.DE;20150410;69.64635467529297
BMW.DE;20150413;68.99351501464844
BMW.DE;20150414;68.3406753540039
BMW.DE;20150415;68.489044189453125
BMW.DE;20150416;67.00531005859375
BMW.DE;20150417;65.52159118652344
BMW.DE;20150420;66.293121337890625
BMW.DE;20150421;66.471160888671875
BMW.DE;20150422;65.28417205810547
BMW.DE;20150423;65.43255615234375
BMW.DE;20150424;65.55125427246094
BMW.DE;20150427;67.064666748046875
BMW.DE;20150428;65.195159912109375
BMW.DE;20150429;63.11793899536133
BMW.DE;20150430;62.96957015991211
BMW.DE;20150504;63.35533142089844
BMW.DE;20150505;63.20695495605469
BMW.DE;20150506;61.782569885253906
BMW.DE;20150507;62.079322814941406
BMW.DE;20150508;64.98744201660156
BMW.DE;20150511;64.86873626708984
BMW.DE;20150512;63.11793899536133
BMW.DE;20150513;62.25737380981445
BMW.DE;20150514;63.84431076049805
BMW.DE;20150515;62.25736999511719
BMW.DE;20150518;63.08137512207031
BMW.DE;20150519;65.4007568359375
BMW.DE;20150520;64.97349548339844
BMW.DE;20150521;64.302093505859375
BMW.DE;20150522;63.96640396118164
BMW.DE;20150526;63.23396301269531
BMW.DE;20150527;64.027435302734375
BMW.DE;20150528;62.898250579833984
BMW.DE;20150529;61.46388626098633
BMW.DE;20150601;61.494415283203125
BMW.DE;20150602;61.15871047973633
BMW.DE;20150603;61.799598693847656
BMW.DE;20150604;61.219757080078125
BMW.DE;20150605;60.78638458251953
BMW.DE;20150608;59.43136978149414
BMW.DE;20150609;59.8403205871582
BMW.DE;20150610;61.524932861328125
BMW.DE;20150611;61.799598693847656
BMW.DE;20150612;60.98781204223633
BMW.DE;20150615;60.176021575927734
BMW.DE;20150616;60.02952575683594
BMW.DE;20150617;59.21164321899414
BMW.DE;20150618;59.7426643371582
BMW.DE;20150619;59.65721130371094
BMW.DE;20150622;62.44047927856445
BMW.DE;20150623;63.69172286987305
BMW.DE;20150624;63.020328521728516
BMW.DE;20150625;63.294986724853516
BMW.DE;20150626;63.17292022705078
BMW.DE;20150629;60.609375
BMW.DE;20150630;59.92577362060547
BMW.DE;20150701;61.341827392578125
BMW.DE;20150702;60.54833984375
BMW.DE;20150703;60.36522674560547
BMW.DE;20150706;59.364227294921875
BMW.DE;20150707;57.31340026855469
BMW.DE;20150708;56.20863342285156
BMW.DE;20150709;57.36833190917969
BMW.DE;20150710;58.10687255859375
BMW.DE;20150713;57.966495513916016
BMW.DE;20150714;57.783382415771484
BMW.DE;20150715;57.09977722167969
BMW.DE;20150716;58.43647384643555
BMW.DE;20150717;58.33881759643555
BMW.DE;20150720;58.35712432861328
BMW.DE;20150721;58.070255279541016
BMW.DE;20150722;57.45378112792969
BMW.DE;20150723;57.18522262573242
BMW.DE;20150724;55.93397521972656
BMW.DE;20150727;54.37144088745117
BMW.DE;20150728;55.042850494384766
BMW.DE;20150729;54.61558532714844
BMW.DE;20150730;54.84751892089844
BMW.DE;20150731;55.7264518737793
BMW.DE;20150803;56.19032669067383
BMW.DE;20150804;55.470088958740234
BMW.DE;20150805;56.74576187133789
BMW.DE;20150806;56.26357650756836
BMW.DE;20150807;56.69082260131836
BMW.DE;20150810;57.00822067260742
BMW.DE;20150811;54.57896041870117
BMW.DE;20150812;52.54643249511719
BMW.DE;20150813;52.60747528076172
BMW.DE;20150814;52.583065032958984
BMW.DE;20150817;52.876041412353516
BMW.DE;20150818;52.41216278076172
BMW.DE;20150819;51.19143295288086
BMW.DE;20150820;50.05004119873047
BMW.DE;20150821;48.908653259277344
BMW.DE;20150824;46.95547866821289
BMW.DE;20150825;49.940181732177734
BMW.DE;20150826;49.207740783691406
BMW.DE;20150827;50.62989044189453
BMW.DE;20150828;50.623783111572266
BMW.DE;20150831;50.18431854248047
BMW.DE;20150901;48.890342712402344
BMW.DE;20150902;48.55465316772461
BMW.DE;20150903;50.147701263427734
BMW.DE;20150904;49.024635314941406
BMW.DE;20150907;49.403053283691406
BMW.DE;20150908;51.295196533203125
BMW.DE;20150909;52.21073913574219
BMW.DE;20150910;52.528133392333984
BMW.DE;20150911;52.20464324951172
BMW.DE;20150914;52.08866500854492
BMW.DE;20150915;53.24226379394531
BMW.DE;20150916;53.35823440551758
BMW.DE;20150917;53.870941162109375
BMW.DE;20150918;52.31450653076172
BMW.DE;20150921;51.51492691040039
BMW.DE;20150922;48.414268493652344
BMW.DE;20150923;48.70113754272461
BMW.DE;20150924;46.192527770996094
BMW.DE;20150925;48.151798248291016
BMW.DE;20150928;46.74795913696289
BMW.DE;20150929;46.61368179321289
BMW.DE;20150930;48.35322570800781
BMW.DE;20151001;47.80999755859375
BMW.DE;20151002;47.73675537109375
BMW.DE;20151005;49.543434143066406
BMW.DE;20151006;50.18431854248047
BMW.DE;20151007;52.33281326293945
BMW.DE;20151008;52.613582611083984
BMW.DE;20151009;53.590171813964844
BMW.DE;20151012;54.47519302368164
BMW.DE;20151013;53.779388427734375
BMW.DE;20151014;52.943172454833984
BMW.DE;20151015;53.10798263549805
BMW.DE;20151016;52.943172454833984
BMW.DE;20151019;53.52303695678711
BMW.DE;20151020;53.27277374267578
BMW.DE;20151021;53.71223831176758
BMW.DE;20151022;55.1465950012207
BMW.DE;20151023;56.94109344482422
BMW.DE;20151026;56.70914077758789
BMW.DE;20151027;56.385643005371094
BMW.DE;20151028;56.74576187133789
BMW.DE;20151029;56.971595764160156
BMW.DE;20151030;56.98379898071289
BMW.DE;20151102;57.594173431396484
BMW.DE;20151103;57.11197280883789
BMW.DE;20151104;56.42837142944336
BMW.DE;20151105;56.629798889160156
BMW.DE;20151106;58.61347961425781
BMW.DE;20151109;57.96038818359375
BMW.DE;20151110;58.55244064331055
BMW.DE;20151111;58.70503234863281
BMW.DE;20151112;57.655208587646484
BMW.DE;20151113;57.70403289794922
BMW.DE;20151116;57.807804107666016
BMW.DE;20151117;59.364227294921875
BMW.DE;20151118;59.480201721191406
BMW.DE;20151119;60.261474609375
BMW.DE;20151120;60.530025482177734
BMW.DE;20151123;60.090572357177734
BMW.DE;20151124;59.05904769897461
BMW.DE;20151125;60.7314453125
BMW.DE;20151126;61.55544662475586
BMW.DE;20151127;61.95218276977539
BMW.DE;20151130;63.05084228515625
BMW.DE;20151201;63.05084228515625
BMW.DE;20151202;62.65411376953125
BMW.DE;20151203;60.02342224121094
BMW.DE;20151204;59.9196662902832
BMW.DE;20151207;61.03053665161133
BMW.DE;20151208;59.32761001586914
BMW.DE;20151209;59.290985107421875
BMW.DE;20151210;59.37033462524414
BMW.DE;20151211;57.44157791137695
BMW.DE;20151214;56.09267044067383
BMW.DE;20151215;57.79559326171875
BMW.DE;20151216;58.283878326416016
BMW.DE;20151217;60.255367279052734
BMW.DE;20151218;59.02853012084961
BMW.DE;20151221;58.28998947143555
BMW.DE;20151222;58.808799743652344
BMW.DE;20151223;60.151615142822266
BMW.DE;20151225;60.151615142822266
BMW.DE;20151228;59.419166564941406
BMW.DE;20151229;60.157711029052734
BMW.DE;20151230;59.590065002441406
